Vehicle_ID,Brand,Model,Vehicle_Type,State,City,Model_Year,Registration_Date,Battery_Capacity_kWh,Electric_Range_km,Charging_Time_Hours,Price_INR,Fast_Charging
1,Tata,Nexon EV,PHEV,Tamil Nadu,Chennai,2023,2025-11-19,30,183,2.5,3164528,Yes
2,Tata,Punch EV,PHEV,Tamil Nadu,Chennai,2024,2024-05-12,31,469,7.5,2614336,No
3,MG,Comet EV,BEV,Karnataka,Bengaluru,2025,2024-02-22,57,408,7.5,1443107,Yes
4,Hyundai,Kona Electric,BEV,Maharashtra,Pune,2025,2025-02-20,41,392,3.5,2911702,No
5,Mahindra,XUV400,BEV,Maharashtra,Pune,2023,2024-05-31,78,458,6.5,3362345,Yes
6,Hyundai,Kona Electric,BEV,Karnataka,Bengaluru,2025,2025-06-04,38,344,3.5,1086100,Yes
7,Hyundai,Kona Electric,PHEV,Tamil Nadu,Chennai,2022,2023-10-15,40,432,4.5,4452058,Yes
8,Tata,Punch EV,BEV,Maharashtra,Mumbai,2022,2023-10-22,46,504,7.5,4052049,Yes
9,Kia,EV6,BEV,Gujarat,Ahmedabad,2024,2022-01-23,43,434,1.5,1429590,No
10,Mahindra,XUV400,BEV,Gujarat,Ahmedabad,2022,2024-11-24,31,278,1.5,3256352,No
11,Mahindra,XUV400,BEV,Tamil Nadu,Chennai,2025,2025-10-03,39,462,1.5,1775583,Yes
12,Hyundai,Kona Electric,BEV,Maharashtra,Mumbai,2023,2024-03-29,42,288,8.5,3133621,Yes
13,Tata,Nexon EV,PHEV,Karnataka,Bengaluru,2024,2025-08-18,57,406,6.5,1349615,No
14,Tata,Nexon EV,PHEV,Delhi,New Delhi,2025,2022-08-10,45,211,4.5,3212422,No
15,Kia,EV6,BEV,Maharashtra,Mumbai,2024,2023-02-20,36,293,8.5,1728271,No
16,BYD,Atto 3,BEV,Delhi,New Delhi,2023,2022-10-31,74,490,8.5,3746234,Yes
17,Kia,EV6,BEV,Gujarat,Ahmedabad,2025,2026-01-04,61,486,5.5,890952,No
18,Kia,EV6,PHEV,Maharashtra,Mumbai,2024,2023-07-27,67,411,2.5,888012,No
19,BYD,Atto 3,BEV,Maharashtra,Mumbai,2023,2024-12-31,49,399,7.5,4451530,Yes
20,Tata,Nexon EV,BEV,Maharashtra,Mumbai,2026,2025-07-06,68,354,6.5,2362977,Yes
21,Mahindra,XUV400,BEV,Karnataka,Bengaluru,2025,2023-06-01,46,503,6.5,4389667,No
22,Hyundai,Kona Electric,PHEV,Gujarat,Ahmedabad,2026,2025-08-10,27,410,6.5,3423170,Yes
23,BYD,Atto 3,PHEV,Karnataka,Bengaluru,2022,2024-05-24,29,259,5.5,3169016,Yes
24,BYD,Atto 3,PHEV,Maharashtra,Mumbai,2026,2025-02-27,33,300,6.5,4057310,No
25,Hyundai,Kona Electric,BEV,Delhi,New Delhi,2023,2024-05-14,31,345,4.5,3149205,Yes
26,Kia,EV6,PHEV,Maharashtra,Pune,2025,2024-01-27,49,356,8.5,1471863,No
27,Hyundai,Kona Electric,BEV,Karnataka,Bengaluru,2022,2024-12-16,59,259,7.5,2464598,Yes
28,Tata,Punch EV,BEV,Tamil Nadu,Chennai,2026,2025-01-01,56,386,6.5,4381622,Yes
29,MG,Comet EV,BEV,Tamil Nadu,Chennai,2022,2025-03-10,42,242,6.5,1398917,No
30,Tata,Nexon EV,BEV,Delhi,New Delhi,2023,2024-08-25,42,419,1.5,3253626,No
31,Hyundai,Kona Electric,BEV,Maharashtra,Pune,2026,2024-01-20,59,291,3.5,2436491,No
32,Mahindra,XUV400,PHEV,Tamil Nadu,Chennai,2022,2025-04-22,54,377,7.5,4395711,No
33,BYD,Atto 3,PHEV,Karnataka,Bengaluru,2024,2024-06-20,48,233,2.5,3578430,No
34,Kia,EV6,BEV,Delhi,New Delhi,2025,2022-05-06,37,238,1.5,1250955,No
35,Kia,EV6,BEV,Maharashtra,Mumbai,2024,2025-03-09,64,536,5.5,4353423,No
36,MG,ZS EV,PHEV,Karnataka,Bengaluru,2024,2024-07-29,29,302,3.5,1183398,No
37,BYD,Atto 3,PHEV,Delhi,New Delhi,2023,2024-10-23,78,413,6.5,1787311,Yes
38,Kia,EV6,BEV,Karnataka,Bengaluru,2026,2022-10-26,80,246,6.5,2789988,No
39,Hyundai,Kona Electric,BEV,Tamil Nadu,Chennai,2026,2022-04-16,29,504,5.5,3441706,Yes
40,Tata,Punch EV,PHEV,Tamil Nadu,Chennai,2023,2025-02-09,63,372,1.5,1199147,No
41,Hyundai,Kona Electric,PHEV,Karnataka,Bengaluru,2023,2024-02-27,72,533,1.5,1286578,No
42,MG,ZS EV,BEV,Maharashtra,Mumbai,2023,2025-06-16,34,374,6.5,3308736,Yes
43,Kia,EV6,BEV,Maharashtra,Mumbai,2026,2025-06-30,61,457,7.5,758331,No
44,Mahindra,XUV400,PHEV,Maharashtra,Pune,2025,2024-03-18,80,255,6.5,2439467,Yes
45,BYD,Atto 3,BEV,Gujarat,Ahmedabad,2025,2025-11-30,20,294,3.5,2250112,No
46,Kia,EV6,BEV,Maharashtra,Mumbai,2022,2025-03-23,28,221,4.5,4038214,No
47,Hyundai,Kona Electric,BEV,Maharashtra,Mumbai,2026,2022-02-27,61,219,3.5,1284050,Yes
48,Kia,EV6,BEV,Maharashtra,Mumbai,2026,2025-10-14,43,405,5.5,4057841,Yes
49,BYD,Atto 3,PHEV,Gujarat,Ahmedabad,2023,2026-01-05,75,512,4.5,751360,Yes
50,Hyundai,Kona Electric,PHEV,Maharashtra,Pune,2023,2022-11-22,70,356,1.5,1341361,No
51,Kia,EV6,BEV,Maharashtra,Pune,2024,2023-10-12,67,457,2.5,2937455,No
52,Mahindra,XUV400,BEV,Delhi,New Delhi,2025,2023-11-20,75,298,5.5,2789259,Yes
53,BYD,Atto 3,PHEV,Delhi,New Delhi,2022,2025-05-27,64,373,2.5,4044121,No
54,MG,ZS EV,BEV,Gujarat,Ahmedabad,2023,2025-08-06,76,189,5.5,2688308,No
55,MG,Comet EV,PHEV,Gujarat,Ahmedabad,2023,2025-06-09,40,296,3.5,2476439,No
56,Kia,EV6,BEV,Karnataka,Bengaluru,2025,2026-02-08,52,260,1.5,2548651,No
57,Kia,EV6,BEV,Delhi,New Delhi,2025,2022-09-16,35,499,4.5,2207714,No
58,Hyundai,Kona Electric,BEV,Maharashtra,Pune,2024,2022-05-13,55,423,6.5,3141962,Yes
59,Hyundai,Kona Electric,BEV,Tamil Nadu,Chennai,2025,2022-11-18,35,285,2.5,2322716,Yes
60,Kia,EV6,PHEV,Gujarat,Ahmedabad,2026,2022-11-23,74,548,6.5,1748808,Yes
61,MG,Comet EV,PHEV,Karnataka,Bengaluru,2026,2024-06-26,56,374,5.5,3441107,No
62,Hyundai,Kona Electric,BEV,Gujarat,Ahmedabad,2024,2022-05-21,67,302,1.5,3026710,Yes
63,Tata,Punch EV,PHEV,Tamil Nadu,Chennai,2025,2022-04-30,39,513,8.5,4335011,Yes
64,BYD,Atto 3,PHEV,Delhi,New Delhi,2022,2024-10-23,62,496,7.5,3429099,No
65,Hyundai,Kona Electric,BEV,Maharashtra,Pune,2022,2024-12-21,58,464,7.5,2749577,Yes
66,Kia,EV6,PHEV,Maharashtra,Mumbai,2024,2022-03-02,61,266,4.5,3607339,Yes
67,Tata,Nexon EV,PHEV,Maharashtra,Pune,2025,2025-10-23,61,486,8.5,1337430,No
68,Tata,Punch EV,PHEV,Tamil Nadu,Chennai,2022,2024-04-02,56,189,5.5,3708931,Yes
69,BYD,Atto 3,BEV,Delhi,New Delhi,2026,2022-02-04,75,482,8.5,3475319,Yes
70,MG,Comet EV,BEV,Karnataka,Bengaluru,2022,2022-03-24,51,245,4.5,2563204,Yes
71,MG,Comet EV,BEV,Tamil Nadu,Chennai,2024,2025-10-28,26,498,6.5,2817958,No
72,Hyundai,Kona Electric,PHEV,Tamil Nadu,Chennai,2023,2025-04-12,69,364,7.5,3540925,Yes
73,Tata,Nexon EV,PHEV,Delhi,New Delhi,2026,2023-01-19,70,336,7.5,1088497,Yes
74,BYD,Atto 3,BEV,Gujarat,Ahmedabad,2025,2024-10-15,48,201,7.5,708844,No
75,Mahindra,XUV400,BEV,Tamil Nadu,Chennai,2026,2022-03-29,64,213,3.5,3792029,Yes
76,Mahindra,XUV400,PHEV,Maharashtra,Pune,2026,2025-09-14,35,267,4.5,833767,No
77,Hyundai,Kona Electric,PHEV,Maharashtra,Pune,2025,2023-08-25,78,282,2.5,2895764,No
78,Kia,EV6,BEV,Maharashtra,Pune,2023,2024-03-30,55,183,4.5,3633687,No
79,MG,Comet EV,PHEV,Gujarat,Ahmedabad,2024,2023-11-15,31,321,7.5,1075760,No
80,MG,ZS EV,PHEV,Gujarat,Ahmedabad,2022,2024-08-06,75,198,1.5,2017949,No
81,Mahindra,XUV400,BEV,Tamil Nadu,Chennai,2025,2025-03-23,76,282,7.5,2691550,Yes
82,Mahindra,XUV400,BEV,Tamil Nadu,Chennai,2025,2022-06-04,54,237,3.5,4479201,No
83,MG,Comet EV,BEV,Tamil Nadu,Chennai,2023,2022-08-21,70,439,3.5,1733657,No
84,BYD,Atto 3,PHEV,Karnataka,Bengaluru,2023,2025-03-30,57,184,6.5,2103350,Yes
85,Kia,EV6,BEV,Maharashtra,Pune,2024,2023-04-15,40,446,5.5,1793113,No
86,Hyundai,Kona Electric,PHEV,Delhi,New Delhi,2024,2025-01-15,34,307,7.5,3799217,Yes
87,Hyundai,Kona Electric,BEV,Maharashtra,Mumbai,2025,2022-10-18,55,214,1.5,4428869,Yes
88,Tata,Nexon EV,PHEV,Gujarat,Ahmedabad,2023,2022-09-06,24,267,1.5,4167976,No
89,Tata,Punch EV,PHEV,Maharashtra,Mumbai,2025,2024-02-13,76,372,5.5,3859202,Yes
90,Mahindra,XUV400,BEV,Maharashtra,Mumbai,2025,2025-04-08,64,301,1.5,1246343,Yes
91,MG,ZS EV,PHEV,Maharashtra,Pune,2024,2023-03-22,44,423,6.5,3372571,Yes
92,Hyundai,Kona Electric,PHEV,Delhi,New Delhi,2025,2024-04-09,70,404,1.5,3049127,Yes
93,Kia,EV6,BEV,Gujarat,Ahmedabad,2023,2022-07-02,27,218,7.5,2475917,Yes
94,BYD,Atto 3,BEV,Tamil Nadu,Chennai,2025,2025-11-17,59,218,1.5,2687282,Yes
95,BYD,Atto 3,PHEV,Maharashtra,Mumbai,2023,2025-07-27,73,502,7.5,3277179,No
96,MG,ZS EV,BEV,Maharashtra,Mumbai,2025,2022-12-10,29,444,6.5,3252576,No
97,Mahindra,XUV400,PHEV,Karnataka,Bengaluru,2023,2022-11-23,79,212,3.5,3816242,Yes
98,Hyundai,Kona Electric,BEV,Tamil Nadu,Chennai,2025,2023-01-07,74,181,6.5,3337243,Yes
99,Tata,Punch EV,BEV,Maharashtra,Mumbai,2022,2022-01-26,60,381,2.5,3727619,No
100,BYD,Atto 3,BEV,Maharashtra,Pune,2023,2025-08-24,49,501,4.5,1865132,Yes
101,MG,ZS EV,PHEV,Maharashtra,Pune,2022,2023-05-13,28,460,6.5,3642638,Yes
102,Hyundai,Kona Electric,PHEV,Delhi,New Delhi,2023,2022-06-21,75,375,4.5,3662217,No
103,Tata,Nexon EV,PHEV,Maharashtra,Pune,2024,2023-08-30,65,503,6.5,3792061,No
104,Mahindra,XUV400,BEV,Maharashtra,Pune,2026,2025-10-22,67,428,3.5,4025588,No
105,Kia,EV6,BEV,Gujarat,Ahmedabad,2026,2024-07-24,68,444,4.5,2682306,Yes
106,Kia,EV6,PHEV,Maharashtra,Pune,2024,2025-05-23,80,237,4.5,2237899,Yes
107,MG,Comet EV,PHEV,Maharashtra,Pune,2024,2025-05-09,25,350,5.5,1007858,No
108,Tata,Punch EV,BEV,Gujarat,Ahmedabad,2024,2024-10-30,65,212,4.5,3292273,No
109,MG,ZS EV,BEV,Maharashtra,Mumbai,2025,2022-08-20,51,506,3.5,2023123,Yes
110,MG,ZS EV,PHEV,Maharashtra,Mumbai,2026,2025-03-05,56,308,7.5,3475720,Yes
111,Hyundai,Kona Electric,BEV,Maharashtra,Pune,2024,2022-07-31,52,504,5.5,2053409,No
112,Mahindra,XUV400,BEV,Delhi,New Delhi,2025,2025-05-10,60,367,8.5,1034124,Yes
113,MG,Comet EV,PHEV,Tamil Nadu,Chennai,2022,2024-06-17,67,236,3.5,911211,Yes
114,BYD,Atto 3,BEV,Tamil Nadu,Chennai,2023,2022-01-14,23,406,6.5,2952009,Yes
115,BYD,Atto 3,PHEV,Gujarat,Ahmedabad,2025,2025-09-30,37,506,7.5,1273508,Yes
116,MG,ZS EV,BEV,Delhi,New Delhi,2026,2025-04-03,67,497,4.5,1058585,No
117,Mahindra,XUV400,BEV,Maharashtra,Pune,2025,2024-07-03,66,502,7.5,3830304,Yes
118,MG,ZS EV,BEV,Tamil Nadu,Chennai,2025,2025-08-08,51,478,3.5,2736097,Yes
119,Mahindra,XUV400,BEV,Karnataka,Bengaluru,2024,2024-08-13,69,306,7.5,3224203,No
120,Kia,EV6,PHEV,Delhi,New Delhi,2022,2025-03-15,71,200,4.5,3794856,Yes
121,Hyundai,Kona Electric,BEV,Tamil Nadu,Chennai,2024,2022-12-21,66,385,6.5,884427,No
122,MG,ZS EV,BEV,Karnataka,Bengaluru,2024,2023-06-30,79,432,6.5,4324379,No
123,Hyundai,Kona Electric,BEV,Maharashtra,Mumbai,2024,2022-05-20,56,449,4.5,1514675,No
124,Mahindra,XUV400,PHEV,Maharashtra,Pune,2022,2024-01-09,38,317,8.5,4337889,No
125,MG,ZS EV,BEV,Delhi,New Delhi,2023,2023-09-25,32,400,6.5,957130,Yes
126,Mahindra,XUV400,PHEV,Karnataka,Bengaluru,2022,2024-08-29,35,219,3.5,3350141,No
127,Hyundai,Kona Electric,BEV,Tamil Nadu,Chennai,2023,2023-01-18,34,550,4.5,2875980,No
128,Kia,EV6,PHEV,Tamil Nadu,Chennai,2023,2026-01-27,40,293,8.5,1797601,Yes
129,Tata,Nexon EV,BEV,Gujarat,Ahmedabad,2025,2025-02-11,20,305,4.5,1111189,Yes
130,Kia,EV6,BEV,Gujarat,Ahmedabad,2023,2025-04-15,40,494,1.5,3316084,Yes
131,Kia,EV6,BEV,Karnataka,Bengaluru,2025,2022-07-29,77,303,2.5,2795123,Yes
132,Mahindra,XUV400,PHEV,Tamil Nadu,Chennai,2025,2025-06-11,79,337,4.5,3943311,No
133,Kia,EV6,PHEV,Tamil Nadu,Chennai,2025,2025-05-07,37,464,5.5,2315173,Yes
134,Hyundai,Kona Electric,PHEV,Tamil Nadu,Chennai,2023,2024-04-05,22,490,4.5,3794307,Yes
135,Kia,EV6,BEV,Maharashtra,Pune,2025,2024-05-26,37,414,5.5,3693503,No
136,Hyundai,Kona Electric,BEV,Delhi,New Delhi,2025,2022-12-19,52,539,7.5,3458370,No
137,Mahindra,XUV400,BEV,Gujarat,Ahmedabad,2024,2025-01-25,45,456,1.5,3513239,Yes
138,Mahindra,XUV400,PHEV,Delhi,New Delhi,2022,2026-01-28,31,443,4.5,4438461,Yes
139,Tata,Nexon EV,BEV,Maharashtra,Pune,2023,2024-12-31,25,461,5.5,1430165,No
140,Tata,Punch EV,BEV,Gujarat,Ahmedabad,2026,2024-05-05,70,342,6.5,898888,No
141,Tata,Nexon EV,PHEV,Maharashtra,Mumbai,2022,2023-01-26,55,354,6.5,1298848,No
142,Hyundai,Kona Electric,PHEV,Karnataka,Bengaluru,2025,2023-04-13,34,394,8.5,4358361,Yes
143,Hyundai,Kona Electric,BEV,Tamil Nadu,Chennai,2026,2022-04-20,29,257,3.5,4316514,Yes
144,Kia,EV6,PHEV,Maharashtra,Pune,2022,2023-11-27,44,487,4.5,1602486,No
145,Tata,Punch EV,BEV,Maharashtra,Pune,2025,2024-01-18,45,403,5.5,3533973,Yes
146,Tata,Punch EV,PHEV,Karnataka,Bengaluru,2023,2023-11-01,46,219,7.5,4006056,No
147,Tata,Nexon EV,PHEV,Karnataka,Bengaluru,2023,2023-03-19,32,412,4.5,3412692,Yes
148,MG,Comet EV,PHEV,Tamil Nadu,Chennai,2026,2022-06-10,78,192,2.5,3737939,Yes
149,MG,ZS EV,PHEV,Gujarat,Ahmedabad,2022,2022-10-10,67,437,5.5,3523360,Yes
150,Tata,Punch EV,PHEV,Maharashtra,Pune,2022,2025-08-08,75,367,3.5,4303486,Yes
151,Kia,EV6,BEV,Tamil Nadu,Chennai,2023,2026-01-25,55,544,4.5,3597794,No
152,Hyundai,Kona Electric,BEV,Maharashtra,Mumbai,2026,2022-09-08,43,186,5.5,3377048,Yes
153,Mahindra,XUV400,BEV,Gujarat,Ahmedabad,2023,2026-01-13,33,438,2.5,2008405,No
154,Mahindra,XUV400,BEV,Gujarat,Ahmedabad,2026,2025-02-23,59,244,4.5,3180805,No
155,BYD,Atto 3,PHEV,Maharashtra,Pune,2026,2025-10-01,44,327,1.5,4028304,No
156,Tata,Punch EV,BEV,Karnataka,Bengaluru,2023,2023-09-01,75,470,7.5,2609437,Yes
157,BYD,Atto 3,PHEV,Gujarat,Ahmedabad,2024,2025-08-09,73,500,1.5,1932028,No
158,Tata,Nexon EV,BEV,Gujarat,Ahmedabad,2026,2025-02-27,75,477,3.5,3225895,Yes
159,Hyundai,Kona Electric,PHEV,Delhi,New Delhi,2023,2022-09-13,49,504,3.5,4205132,Yes
160,Tata,Nexon EV,BEV,Karnataka,Bengaluru,2024,2025-01-06,57,233,1.5,1445397,Yes
161,BYD,Atto 3,PHEV,Delhi,New Delhi,2022,2024-01-22,75,269,2.5,1393881,No
162,Hyundai,Kona Electric,PHEV,Karnataka,Bengaluru,2023,2024-11-12,63,433,5.5,3047698,Yes
163,MG,ZS EV,BEV,Maharashtra,Mumbai,2022,2023-06-15,63,532,1.5,2006743,No
164,MG,ZS EV,PHEV,Gujarat,Ahmedabad,2023,2022-12-30,75,205,1.5,1818684,Yes
165,Hyundai,Kona Electric,BEV,Maharashtra,Pune,2022,2024-10-22,80,431,7.5,4225888,Yes
166,Hyundai,Kona Electric,BEV,Gujarat,Ahmedabad,2025,2023-07-12,56,394,6.5,3585164,Yes
167,MG,ZS EV,PHEV,Tamil Nadu,Chennai,2023,2024-02-25,65,372,6.5,1579832,No
168,Kia,EV6,PHEV,Karnataka,Bengaluru,2023,2024-11-14,50,379,8.5,4317882,Yes
169,Mahindra,XUV400,PHEV,Maharashtra,Pune,2024,2025-10-05,35,361,1.5,3709797,Yes
170,Hyundai,Kona Electric,PHEV,Maharashtra,Pune,2024,2023-05-12,77,413,7.5,2119115,No
171,Mahindra,XUV400,PHEV,Maharashtra,Pune,2025,2023-09-04,61,539,1.5,4172747,No
172,Tata,Nexon EV,BEV,Delhi,New Delhi,2024,2022-03-21,34,382,8.5,1775206,Yes
173,BYD,Atto 3,PHEV,Karnataka,Bengaluru,2024,2025-03-09,32,426,4.5,1593434,Yes
174,Mahindra,XUV400,PHEV,Delhi,New Delhi,2022,2023-06-17,49,194,8.5,2566610,No
175,Hyundai,Kona Electric,BEV,Tamil Nadu,Chennai,2023,2024-05-10,41,264,1.5,2143290,Yes
176,Mahindra,XUV400,PHEV,Tamil Nadu,Chennai,2025,2024-08-22,26,274,1.5,1517150,No
177,Hyundai,Kona Electric,PHEV,Karnataka,Bengaluru,2026,2023-03-19,29,452,3.5,1757091,Yes
178,Hyundai,Kona Electric,BEV,Karnataka,Bengaluru,2026,2024-02-26,28,242,2.5,809022,No
179,BYD,Atto 3,BEV,Tamil Nadu,Chennai,2024,2025-02-08,60,342,8.5,2722123,No
180,MG,Comet EV,PHEV,Tamil Nadu,Chennai,2026,2025-12-09,56,352,8.5,2794092,No
181,Mahindra,XUV400,PHEV,Maharashtra,Mumbai,2022,2025-12-09,38,483,2.5,1256507,Yes
182,Kia,EV6,PHEV,Delhi,New Delhi,2026,2023-08-18,51,351,2.5,4494418,No
183,Mahindra,XUV400,BEV,Tamil Nadu,Chennai,2023,2024-10-23,71,181,3.5,1037476,No
184,Hyundai,Kona Electric,PHEV,Karnataka,Bengaluru,2022,2024-04-27,43,542,7.5,866924,No
185,Tata,Punch EV,BEV,Gujarat,Ahmedabad,2026,2025-02-26,22,275,3.5,2942695,Yes
186,BYD,Atto 3,PHEV,Gujarat,Ahmedabad,2022,2026-02-04,38,323,6.5,4035689,Yes
187,BYD,Atto 3,PHEV,Delhi,New Delhi,2024,2023-10-09,59,333,3.5,1469074,No
188,Hyundai,Kona Electric,PHEV,Gujarat,Ahmedabad,2023,2022-10-04,76,332,5.5,1288865,No
189,Kia,EV6,PHEV,Maharashtra,Mumbai,2022,2023-11-01,68,211,5.5,3155569,Yes
190,Tata,Nexon EV,PHEV,Delhi,New Delhi,2024,2025-09-27,29,361,2.5,2861022,Yes
191,Hyundai,Kona Electric,PHEV,Gujarat,Ahmedabad,2024,2024-03-15,57,519,6.5,1236964,No
192,Hyundai,Kona Electric,PHEV,Maharashtra,Mumbai,2023,2022-04-02,65,350,6.5,3921679,Yes
193,Kia,EV6,BEV,Tamil Nadu,Chennai,2026,2025-04-08,38,288,8.5,1177636,No
194,BYD,Atto 3,PHEV,Maharashtra,Mumbai,2026,2023-05-05,26,524,5.5,2944185,No
195,Kia,EV6,BEV,Gujarat,Ahmedabad,2025,2022-10-14,57,233,7.5,3729778,No
196,MG,ZS EV,PHEV,Maharashtra,Mumbai,2026,2022-03-01,61,377,2.5,1226862,No
197,Hyundai,Kona Electric,PHEV,Gujarat,Ahmedabad,2025,2023-11-05,76,362,7.5,4111678,No
198,Kia,EV6,BEV,Gujarat,Ahmedabad,2025,2024-09-29,65,495,3.5,4362710,No
199,MG,Comet EV,BEV,Tamil Nadu,Chennai,2026,2025-09-28,38,506,8.5,3924138,Yes
200,Mahindra,XUV400,PHEV,Tamil Nadu,Chennai,2023,2024-04-16,54,427,6.5,4351001,No
201,Kia,EV6,BEV,Tamil Nadu,Chennai,2022,2024-03-14,42,297,6.5,1914182,No
202,Kia,EV6,BEV,Karnataka,Bengaluru,2026,2023-11-21,66,330,4.5,2577354,Yes
203,MG,Comet EV,BEV,Maharashtra,Pune,2025,2024-05-02,37,495,1.5,1559601,No
204,Mahindra,XUV400,PHEV,Karnataka,Bengaluru,2024,2025-08-11,45,465,8.5,4451565,No
205,MG,ZS EV,BEV,Maharashtra,Pune,2023,2024-10-13,55,482,3.5,3067155,Yes
206,MG,ZS EV,BEV,Karnataka,Bengaluru,2025,2024-07-14,59,548,8.5,1898244,No
207,MG,Comet EV,BEV,Karnataka,Bengaluru,2026,2024-08-02,57,521,1.5,2937553,No
208,MG,ZS EV,PHEV,Gujarat,Ahmedabad,2024,2023-08-27,43,492,1.5,806187,Yes
209,BYD,Atto 3,BEV,Karnataka,Bengaluru,2024,2023-04-11,59,275,2.5,776993,No
210,Mahindra,XUV400,PHEV,Maharashtra,Pune,2024,2022-04-11,29,517,5.5,2100891,Yes
211,BYD,Atto 3,PHEV,Gujarat,Ahmedabad,2024,2022-06-02,40,275,8.5,2938398,Yes
212,MG,ZS EV,BEV,Gujarat,Ahmedabad,2025,2025-05-08,76,237,7.5,3014769,Yes
213,Tata,Punch EV,PHEV,Gujarat,Ahmedabad,2025,2022-08-22,21,245,2.5,4114955,No
214,Hyundai,Kona Electric,PHEV,Gujarat,Ahmedabad,2025,2023-10-17,41,531,2.5,2205336,No
215,MG,Comet EV,BEV,Gujarat,Ahmedabad,2025,2023-01-09,41,420,1.5,4326896,Yes
216,MG,ZS EV,PHEV,Maharashtra,Mumbai,2024,2023-10-10,35,421,6.5,1232677,Yes
217,Mahindra,XUV400,BEV,Delhi,New Delhi,2026,2022-07-06,51,531,4.5,3161461,No
218,BYD,Atto 3,PHEV,Gujarat,Ahmedabad,2022,2023-03-09,38,515,2.5,831968,No
219,Mahindra,XUV400,PHEV,Tamil Nadu,Chennai,2024,2022-08-04,58,262,1.5,3021626,Yes
220,MG,ZS EV,BEV,Maharashtra,Pune,2023,2023-06-07,20,485,1.5,749317,No
221,Mahindra,XUV400,BEV,Tamil Nadu,Chennai,2024,2025-05-31,73,529,4.5,3672880,No
222,Hyundai,Kona Electric,PHEV,Maharashtra,Pune,2024,2025-10-28,34,241,2.5,4143316,Yes
223,Mahindra,XUV400,BEV,Maharashtra,Pune,2025,2024-12-18,46,354,6.5,1117098,No
224,Mahindra,XUV400,PHEV,Tamil Nadu,Chennai,2023,2023-12-13,42,294,6.5,2407504,No
225,MG,ZS EV,BEV,Maharashtra,Pune,2025,2024-02-09,44,547,8.5,3140847,No
226,Hyundai,Kona Electric,PHEV,Maharashtra,Pune,2023,2024-03-26,74,360,1.5,2557889,No
227,MG,ZS EV,PHEV,Gujarat,Ahmedabad,2025,2022-07-03,35,194,2.5,1649486,Yes
228,Mahindra,XUV400,BEV,Maharashtra,Mumbai,2024,2024-04-24,75,245,3.5,4120989,No
229,MG,Comet EV,PHEV,Gujarat,Ahmedabad,2025,2024-04-21,28,355,1.5,3235674,Yes
230,Mahindra,XUV400,PHEV,Karnataka,Bengaluru,2026,2023-08-16,80,438,4.5,3177085,No
231,Tata,Nexon EV,PHEV,Karnataka,Bengaluru,2023,2023-11-03,20,465,5.5,1906271,Yes
232,Mahindra,XUV400,PHEV,Karnataka,Bengaluru,2023,2022-12-22,31,379,4.5,3522008,Yes
233,BYD,Atto 3,BEV,Karnataka,Bengaluru,2023,2023-01-25,70,381,2.5,2194586,Yes
234,Tata,Nexon EV,PHEV,Gujarat,Ahmedabad,2023,2024-10-01,54,318,7.5,2658751,Yes
235,MG,Comet EV,PHEV,Maharashtra,Pune,2022,2022-01-14,24,212,6.5,1362942,No
236,MG,Comet EV,BEV,Maharashtra,Mumbai,2026,2022-06-07,80,287,5.5,1078281,Yes
237,Hyundai,Kona Electric,PHEV,Maharashtra,Mumbai,2026,2025-06-20,21,450,5.5,3158666,No
238,BYD,Atto 3,BEV,Delhi,New Delhi,2025,2024-10-28,56,190,2.5,835714,No
239,Mahindra,XUV400,BEV,Gujarat,Ahmedabad,2025,2025-01-11,24,478,7.5,2970656,Yes
240,Kia,EV6,PHEV,Delhi,New Delhi,2025,2023-06-28,71,484,2.5,2948459,No
241,Mahindra,XUV400,PHEV,Maharashtra,Pune,2024,2024-02-28,28,467,7.5,1509932,Yes
242,Tata,Punch EV,BEV,Delhi,New Delhi,2026,2025-02-24,41,197,6.5,2148560,No
243,Kia,EV6,PHEV,Maharashtra,Pune,2024,2024-04-07,42,393,6.5,3590435,No
244,MG,ZS EV,BEV,Tamil Nadu,Chennai,2024,2025-03-22,45,392,1.5,4017356,Yes
245,Tata,Punch EV,BEV,Karnataka,Bengaluru,2025,2025-07-17,38,390,1.5,2941880,No
246,Hyundai,Kona Electric,PHEV,Tamil Nadu,Chennai,2025,2024-11-27,27,347,5.5,4410939,Yes
247,Hyundai,Kona Electric,PHEV,Gujarat,Ahmedabad,2026,2022-11-29,50,187,6.5,3732070,Yes
248,Tata,Nexon EV,BEV,Delhi,New Delhi,2025,2022-06-21,74,507,2.5,3112769,No
249,Tata,Punch EV,BEV,Karnataka,Bengaluru,2023,2024-02-15,34,436,4.5,2760866,Yes
250,MG,Comet EV,PHEV,Karnataka,Bengaluru,2024,2024-01-15,23,424,2.5,2706512,Yes
251,Hyundai,Kona Electric,BEV,Tamil Nadu,Chennai,2024,2025-09-21,74,436,3.5,4406158,Yes
252,Mahindra,XUV400,PHEV,Gujarat,Ahmedabad,2023,2023-10-23,49,485,4.5,834684,No
253,MG,Comet EV,PHEV,Gujarat,Ahmedabad,2024,2023-06-19,23,487,2.5,1246828,Yes
254,Kia,EV6,PHEV,Tamil Nadu,Chennai,2026,2023-08-15,48,270,3.5,3756235,Yes
255,Kia,EV6,BEV,Gujarat,Ahmedabad,2026,2025-11-28,28,253,2.5,3761747,No
256,Kia,EV6,BEV,Maharashtra,Pune,2026,2024-03-07,41,204,4.5,852518,No
257,MG,ZS EV,PHEV,Delhi,New Delhi,2026,2025-03-31,62,344,4.5,2913021,Yes
258,Mahindra,XUV400,PHEV,Karnataka,Bengaluru,2026,2022-07-05,24,196,2.5,4441646,Yes
259,BYD,Atto 3,PHEV,Gujarat,Ahmedabad,2025,2022-05-27,44,414,3.5,1627696,Yes
260,Hyundai,Kona Electric,PHEV,Gujarat,Ahmedabad,2024,2025-12-04,36,295,8.5,1672270,No
261,MG,Comet EV,BEV,Tamil Nadu,Chennai,2025,2023-11-12,41,343,6.5,4157209,No
262,Mahindra,XUV400,PHEV,Tamil Nadu,Chennai,2023,2023-10-02,27,510,4.5,4043856,Yes
263,Hyundai,Kona Electric,BEV,Karnataka,Bengaluru,2022,2025-12-11,79,315,7.5,1631575,Yes
264,Kia,EV6,PHEV,Karnataka,Bengaluru,2025,2022-01-04,79,462,2.5,2219219,Yes
265,Mahindra,XUV400,BEV,Delhi,New Delhi,2024,2024-06-15,79,244,3.5,4443838,Yes
266,Kia,EV6,BEV,Delhi,New Delhi,2023,2024-12-02,33,398,2.5,4011741,Yes
267,Mahindra,XUV400,BEV,Delhi,New Delhi,2025,2024-11-28,68,269,5.5,3372192,Yes
268,Hyundai,Kona Electric,BEV,Delhi,New Delhi,2024,2025-09-27,72,435,8.5,3095246,Yes
269,MG,Comet EV,BEV,Karnataka,Bengaluru,2024,2022-03-08,35,180,2.5,2862877,No
270,MG,ZS EV,PHEV,Gujarat,Ahmedabad,2024,2025-03-25,53,221,1.5,3442344,Yes
271,Hyundai,Kona Electric,BEV,Maharashtra,Mumbai,2025,2025-12-26,22,529,8.5,3426333,No
272,Kia,EV6,PHEV,Karnataka,Bengaluru,2023,2022-09-18,53,514,3.5,814278,Yes
273,Mahindra,XUV400,BEV,Delhi,New Delhi,2025,2022-07-31,50,429,2.5,2841745,Yes
274,BYD,Atto 3,PHEV,Tamil Nadu,Chennai,2023,2025-08-02,37,449,5.5,3037292,Yes
275,Hyundai,Kona Electric,BEV,Delhi,New Delhi,2022,2022-04-12,23,283,7.5,2645808,No
276,Tata,Nexon EV,PHEV,Tamil Nadu,Chennai,2026,2022-09-22,20,453,4.5,4312195,No
277,Tata,Punch EV,PHEV,Tamil Nadu,Chennai,2022,2023-06-15,35,533,5.5,1639183,Yes
278,Kia,EV6,BEV,Maharashtra,Mumbai,2026,2024-03-01,42,343,7.5,950334,No
279,BYD,Atto 3,BEV,Delhi,New Delhi,2026,2023-01-27,53,296,5.5,2713865,Yes
280,Tata,Nexon EV,BEV,Maharashtra,Pune,2025,2023-11-29,78,441,6.5,871663,Yes
281,Kia,EV6,BEV,Maharashtra,Pune,2024,2024-10-25,28,213,4.5,3148976,No
282,Kia,EV6,BEV,Tamil Nadu,Chennai,2022,2025-01-05,36,206,6.5,4276748,No
283,MG,ZS EV,BEV,Karnataka,Bengaluru,2023,2022-04-03,31,473,2.5,1722183,No
284,Kia,EV6,BEV,Tamil Nadu,Chennai,2025,2022-09-18,72,222,6.5,1413402,Yes
285,Hyundai,Kona Electric,BEV,Tamil Nadu,Chennai,2022,2025-05-12,51,467,7.5,3515895,No
286,MG,ZS EV,PHEV,Tamil Nadu,Chennai,2023,2025-11-20,41,322,1.5,3912637,Yes
287,BYD,Atto 3,PHEV,Tamil Nadu,Chennai,2026,2022-12-07,40,225,5.5,1918267,No
288,Tata,Nexon EV,BEV,Gujarat,Ahmedabad,2023,2024-10-28,78,281,4.5,1627429,No
289,Kia,EV6,PHEV,Gujarat,Ahmedabad,2023,2022-07-02,24,321,6.5,3446986,No
290,Kia,EV6,BEV,Gujarat,Ahmedabad,2026,2024-02-15,25,264,1.5,2963750,Yes
291,Tata,Punch EV,PHEV,Maharashtra,Mumbai,2025,2024-08-02,79,220,5.5,795149,No
292,Kia,EV6,PHEV,Maharashtra,Mumbai,2023,2023-02-02,67,184,8.5,4008026,No
293,BYD,Atto 3,BEV,Delhi,New Delhi,2023,2025-09-26,25,407,2.5,824659,Yes
294,Kia,EV6,BEV,Gujarat,Ahmedabad,2026,2024-05-15,70,533,2.5,1357405,Yes
295,MG,ZS EV,PHEV,Delhi,New Delhi,2022,2024-04-08,27,535,6.5,1480401,Yes
296,Hyundai,Kona Electric,BEV,Tamil Nadu,Chennai,2024,2022-03-23,40,303,6.5,1863299,No
297,Mahindra,XUV400,BEV,Maharashtra,Pune,2025,2024-12-01,76,364,1.5,4115315,Yes
298,Tata,Nexon EV,PHEV,Gujarat,Ahmedabad,2026,2026-01-28,50,352,8.5,4479564,No
299,BYD,Atto 3,PHEV,Delhi,New Delhi,2026,2023-05-22,72,529,1.5,2749974,Yes
300,BYD,Atto 3,PHEV,Delhi,New Delhi,2025,2024-06-23,22,380,7.5,2991197,No
301,Kia,EV6,PHEV,Maharashtra,Mumbai,2024,2025-03-08,39,395,6.5,4427498,Yes
302,MG,ZS EV,PHEV,Maharashtra,Pune,2023,2022-11-07,50,246,7.5,1543396,Yes
303,Kia,EV6,PHEV,Gujarat,Ahmedabad,2024,2023-04-14,25,502,7.5,2560646,No
304,BYD,Atto 3,BEV,Karnataka,Bengaluru,2024,2022-06-08,26,346,4.5,2054851,Yes
305,Kia,EV6,PHEV,Delhi,New Delhi,2024,2022-01-31,51,487,3.5,3894798,No
306,Tata,Nexon EV,BEV,Karnataka,Bengaluru,2024,2025-12-19,75,304,3.5,2926450,No
307,Tata,Punch EV,BEV,Karnataka,Bengaluru,2023,2024-02-26,21,462,4.5,1068772,No
308,Mahindra,XUV400,BEV,Karnataka,Bengaluru,2024,2022-03-11,30,347,3.5,1157245,No
309,Hyundai,Kona Electric,BEV,Delhi,New Delhi,2026,2024-01-26,60,313,8.5,3128780,No
310,MG,Comet EV,PHEV,Tamil Nadu,Chennai,2024,2024-03-24,63,363,7.5,4210192,No
311,Hyundai,Kona Electric,BEV,Maharashtra,Mumbai,2026,2023-09-01,50,404,8.5,2720981,No
312,Mahindra,XUV400,BEV,Delhi,New Delhi,2023,2025-01-15,35,460,8.5,3574355,No
313,Tata,Nexon EV,BEV,Gujarat,Ahmedabad,2024,2025-04-22,52,362,1.5,1414429,No
314,MG,ZS EV,BEV,Maharashtra,Mumbai,2026,2024-05-24,66,328,2.5,1924731,Yes
315,MG,ZS EV,PHEV,Tamil Nadu,Chennai,2026,2022-01-31,49,405,6.5,3709104,No
316,Tata,Punch EV,BEV,Tamil Nadu,Chennai,2022,2025-02-28,73,186,4.5,3070074,No
317,Hyundai,Kona Electric,BEV,Delhi,New Delhi,2025,2025-09-10,60,431,3.5,3536153,Yes
318,Mahindra,XUV400,PHEV,Delhi,New Delhi,2022,2025-12-24,56,450,8.5,2933592,Yes
319,Mahindra,XUV400,BEV,Delhi,New Delhi,2024,2025-05-17,23,370,5.5,2112035,No
320,Hyundai,Kona Electric,BEV,Maharashtra,Mumbai,2024,2022-01-06,20,514,2.5,4363915,Yes
321,MG,Comet EV,BEV,Maharashtra,Mumbai,2026,2022-07-20,32,441,2.5,1435977,Yes
322,Kia,EV6,BEV,Maharashtra,Mumbai,2025,2022-10-18,23,499,4.5,3239354,Yes
323,Hyundai,Kona Electric,BEV,Delhi,New Delhi,2024,2024-02-19,21,489,2.5,2443467,No
324,Tata,Nexon EV,BEV,Karnataka,Bengaluru,2024,2024-01-29,41,270,3.5,2856789,Yes
325,Tata,Nexon EV,BEV,Maharashtra,Mumbai,2022,2022-05-30,65,360,3.5,1271899,No
326,Hyundai,Kona Electric,PHEV,Karnataka,Bengaluru,2026,2023-08-11,23,410,7.5,1707417,No
327,BYD,Atto 3,PHEV,Gujarat,Ahmedabad,2026,2025-05-10,72,487,5.5,3409917,No
328,Tata,Punch EV,PHEV,Delhi,New Delhi,2026,2025-08-05,24,450,3.5,1570369,No
329,Mahindra,XUV400,BEV,Maharashtra,Pune,2026,2023-01-25,44,321,4.5,1660178,No
330,Hyundai,Kona Electric,BEV,Gujarat,Ahmedabad,2026,2022-05-12,70,539,7.5,4366713,No
331,Kia,EV6,BEV,Maharashtra,Pune,2025,2024-01-06,40,494,4.5,1357219,Yes
332,Tata,Punch EV,PHEV,Gujarat,Ahmedabad,2024,2025-06-10,24,523,7.5,946971,No
333,Mahindra,XUV400,PHEV,Maharashtra,Mumbai,2022,2024-10-03,29,391,1.5,4042976,No
334,Hyundai,Kona Electric,BEV,Gujarat,Ahmedabad,2024,2022-07-25,80,548,1.5,796632,No
335,Hyundai,Kona Electric,PHEV,Karnataka,Bengaluru,2024,2022-06-25,70,513,4.5,2484374,No
336,MG,ZS EV,PHEV,Delhi,New Delhi,2022,2024-08-15,58,484,2.5,3286733,No
337,Mahindra,XUV400,BEV,Karnataka,Bengaluru,2025,2024-01-17,62,345,6.5,1318545,No
338,Kia,EV6,PHEV,Maharashtra,Mumbai,2024,2025-08-10,36,436,5.5,1359404,No
339,MG,Comet EV,BEV,Karnataka,Bengaluru,2023,2024-04-23,66,493,6.5,1131158,Yes
340,BYD,Atto 3,PHEV,Delhi,New Delhi,2023,2022-09-29,71,526,7.5,1027964,No
341,Kia,EV6,PHEV,Delhi,New Delhi,2026,2025-12-20,36,196,1.5,2983887,No
342,Tata,Nexon EV,PHEV,Delhi,New Delhi,2026,2024-12-05,27,349,1.5,969173,No
343,Kia,EV6,PHEV,Delhi,New Delhi,2022,2023-04-27,32,323,4.5,2684931,Yes
344,BYD,Atto 3,BEV,Maharashtra,Pune,2026,2022-08-24,22,373,6.5,2056729,Yes
345,MG,ZS EV,BEV,Gujarat,Ahmedabad,2025,2025-03-12,38,300,4.5,1476303,No
346,Mahindra,XUV400,BEV,Delhi,New Delhi,2023,2023-01-19,30,478,7.5,2261018,No
347,BYD,Atto 3,PHEV,Delhi,New Delhi,2023,2025-08-02,64,546,5.5,3215523,Yes
348,Mahindra,XUV400,PHEV,Tamil Nadu,Chennai,2025,2022-02-02,39,360,4.5,3931295,No
349,Kia,EV6,PHEV,Tamil Nadu,Chennai,2026,2023-05-19,67,546,8.5,3013239,Yes
350,BYD,Atto 3,BEV,Maharashtra,Mumbai,2026,2024-08-11,53,370,6.5,4200160,No
351,Tata,Nexon EV,PHEV,Tamil Nadu,Chennai,2025,2025-12-06,21,496,1.5,4494312,No
352,Kia,EV6,PHEV,Delhi,New Delhi,2026,2024-04-08,77,326,7.5,1371764,Yes
353,BYD,Atto 3,BEV,Gujarat,Ahmedabad,2026,2025-12-08,28,399,7.5,1183925,Yes
354,BYD,Atto 3,PHEV,Tamil Nadu,Chennai,2024,2023-05-02,56,434,7.5,2076740,Yes
355,MG,ZS EV,PHEV,Karnataka,Bengaluru,2024,2024-09-16,48,498,4.5,3029633,No
356,MG,ZS EV,BEV,Gujarat,Ahmedabad,2026,2022-11-05,29,429,4.5,2000622,Yes
357,MG,Comet EV,BEV,Maharashtra,Pune,2026,2024-11-28,60,490,5.5,1145198,Yes
358,Tata,Punch EV,PHEV,Delhi,New Delhi,2022,2025-12-30,77,196,8.5,1912766,No
359,Hyundai,Kona Electric,PHEV,Delhi,New Delhi,2025,2022-03-06,28,301,4.5,818287,No
360,Hyundai,Kona Electric,BEV,Maharashtra,Pune,2026,2025-01-14,71,530,3.5,3797701,No
361,BYD,Atto 3,BEV,Maharashtra,Mumbai,2022,2025-11-27,54,329,1.5,1653755,No
362,Mahindra,XUV400,PHEV,Maharashtra,Pune,2025,2022-05-12,62,383,8.5,3528863,Yes
363,Mahindra,XUV400,BEV,Tamil Nadu,Chennai,2022,2025-09-10,75,294,1.5,973873,Yes
364,BYD,Atto 3,BEV,Maharashtra,Pune,2025,2023-03-22,56,355,4.5,4089171,No
365,Tata,Punch EV,BEV,Maharashtra,Mumbai,2022,2024-07-11,34,410,6.5,3294874,Yes
366,Mahindra,XUV400,BEV,Maharashtra,Pune,2023,2023-08-23,73,230,3.5,4055048,Yes
367,MG,ZS EV,BEV,Delhi,New Delhi,2026,2023-02-23,22,501,5.5,3195089,No
368,MG,ZS EV,BEV,Maharashtra,Mumbai,2024,2022-08-26,48,413,8.5,4086481,No
369,Tata,Nexon EV,BEV,Maharashtra,Pune,2022,2024-07-06,72,232,1.5,1035509,Yes
370,MG,Comet EV,PHEV,Maharashtra,Mumbai,2022,2023-09-10,71,222,5.5,2659200,Yes
371,BYD,Atto 3,PHEV,Maharashtra,Mumbai,2022,2022-06-24,44,535,3.5,3673819,No
372,Mahindra,XUV400,BEV,Tamil Nadu,Chennai,2026,2025-06-07,48,318,1.5,4109605,Yes
373,Kia,EV6,BEV,Karnataka,Bengaluru,2022,2022-02-18,24,334,1.5,2744685,Yes
374,BYD,Atto 3,BEV,Maharashtra,Pune,2023,2024-05-03,44,365,7.5,1933427,No
375,MG,ZS EV,BEV,Karnataka,Bengaluru,2022,2022-01-14,42,389,3.5,2773834,Yes
376,Tata,Nexon EV,BEV,Maharashtra,Pune,2023,2025-03-06,38,449,6.5,3706433,No
377,Tata,Nexon EV,BEV,Tamil Nadu,Chennai,2024,2023-05-31,64,307,6.5,2589666,Yes
378,Mahindra,XUV400,BEV,Maharashtra,Mumbai,2022,2022-05-13,42,305,8.5,1861588,No
379,BYD,Atto 3,PHEV,Tamil Nadu,Chennai,2024,2022-12-04,28,403,4.5,3921542,Yes
380,Tata,Punch EV,PHEV,Maharashtra,Mumbai,2023,2023-05-26,78,180,5.5,4004705,Yes
381,Hyundai,Kona Electric,BEV,Gujarat,Ahmedabad,2022,2024-01-16,28,238,3.5,4358953,No
382,MG,Comet EV,BEV,Gujarat,Ahmedabad,2023,2023-06-23,56,401,5.5,2977707,Yes
383,Kia,EV6,PHEV,Karnataka,Bengaluru,2025,2022-12-31,30,358,4.5,3205248,Yes
384,MG,Comet EV,BEV,Tamil Nadu,Chennai,2022,2024-09-19,28,353,6.5,3644911,Yes
385,Kia,EV6,PHEV,Delhi,New Delhi,2023,2023-12-15,50,401,2.5,3975316,No
386,MG,Comet EV,PHEV,Delhi,New Delhi,2023,2025-08-13,69,419,1.5,3187833,Yes
387,MG,Comet EV,BEV,Tamil Nadu,Chennai,2024,2023-09-15,64,506,8.5,3443957,No
388,Hyundai,Kona Electric,PHEV,Maharashtra,Pune,2026,2023-10-10,44,308,8.5,3431706,Yes
389,BYD,Atto 3,BEV,Tamil Nadu,Chennai,2026,2022-03-20,23,283,7.5,3825303,No
390,BYD,Atto 3,BEV,Maharashtra,Mumbai,2026,2023-03-02,54,200,8.5,2256607,No
391,Hyundai,Kona Electric,PHEV,Tamil Nadu,Chennai,2022,2025-08-19,27,548,7.5,822660,No
392,Mahindra,XUV400,BEV,Gujarat,Ahmedabad,2024,2023-07-15,22,264,2.5,2771739,No
393,MG,ZS EV,PHEV,Tamil Nadu,Chennai,2025,2022-05-19,80,514,3.5,1127997,No
394,Kia,EV6,PHEV,Karnataka,Bengaluru,2023,2023-11-15,36,183,3.5,1500970,Yes
395,Mahindra,XUV400,PHEV,Delhi,New Delhi,2023,2023-02-13,58,439,8.5,3755148,No
396,Kia,EV6,BEV,Karnataka,Bengaluru,2025,2022-06-01,34,535,6.5,2710628,Yes
397,BYD,Atto 3,PHEV,Tamil Nadu,Chennai,2026,2024-06-22,76,452,2.5,1053199,Yes
398,Mahindra,XUV400,PHEV,Gujarat,Ahmedabad,2023,2022-02-13,52,433,6.5,1860213,No
399,Tata,Punch EV,PHEV,Karnataka,Bengaluru,2025,2022-10-09,67,477,6.5,3708434,No
400,MG,Comet EV,BEV,Gujarat,Ahmedabad,2024,2024-04-27,35,483,4.5,1741529,No
401,Hyundai,Kona Electric,BEV,Gujarat,Ahmedabad,2026,2024-04-25,67,281,3.5,1217963,No
402,MG,ZS EV,BEV,Gujarat,Ahmedabad,2026,2022-03-27,41,246,2.5,4392114,Yes
403,Tata,Nexon EV,PHEV,Delhi,New Delhi,2022,2022-12-28,46,507,3.5,3848372,Yes
404,Tata,Punch EV,PHEV,Karnataka,Bengaluru,2023,2023-07-23,35,540,5.5,2188412,No
405,Mahindra,XUV400,PHEV,Tamil Nadu,Chennai,2026,2024-06-08,42,408,8.5,2289703,No
406,Hyundai,Kona Electric,PHEV,Maharashtra,Pune,2026,2023-01-31,74,248,2.5,3636306,Yes
407,Hyundai,Kona Electric,PHEV,Maharashtra,Mumbai,2025,2022-01-08,80,226,4.5,1512051,Yes
408,Kia,EV6,BEV,Gujarat,Ahmedabad,2023,2022-05-03,57,516,4.5,3497434,No
409,BYD,Atto 3,PHEV,Delhi,New Delhi,2025,2024-04-24,72,485,1.5,3472173,Yes
410,MG,ZS EV,PHEV,Karnataka,Bengaluru,2025,2025-12-18,53,514,8.5,3115275,No
411,BYD,Atto 3,BEV,Gujarat,Ahmedabad,2023,2024-10-02,78,413,6.5,3946757,No
412,Mahindra,XUV400,PHEV,Delhi,New Delhi,2024,2025-05-07,20,405,8.5,4322370,Yes
413,Mahindra,XUV400,PHEV,Maharashtra,Mumbai,2024,2024-07-22,59,265,6.5,1022392,No
414,Hyundai,Kona Electric,BEV,Maharashtra,Pune,2024,2025-01-19,49,493,3.5,1198157,Yes
415,Mahindra,XUV400,BEV,Maharashtra,Pune,2026,2025-09-04,49,487,3.5,3472458,No
416,Mahindra,XUV400,BEV,Tamil Nadu,Chennai,2022,2023-10-16,43,442,7.5,3255865,Yes
417,MG,ZS EV,PHEV,Maharashtra,Pune,2022,2024-03-17,49,545,3.5,4419154,Yes
418,MG,Comet EV,PHEV,Gujarat,Ahmedabad,2024,2022-02-28,48,227,4.5,1494094,Yes
419,Kia,EV6,PHEV,Karnataka,Bengaluru,2024,2025-05-24,57,522,5.5,1130038,No
420,Kia,EV6,PHEV,Gujarat,Ahmedabad,2024,2025-06-22,32,274,5.5,2177944,Yes
421,MG,Comet EV,PHEV,Gujarat,Ahmedabad,2025,2023-11-20,43,377,5.5,3871601,Yes
422,Kia,EV6,PHEV,Karnataka,Bengaluru,2025,2024-11-15,65,529,4.5,1226414,Yes
423,Kia,EV6,PHEV,Tamil Nadu,Chennai,2022,2022-12-18,23,302,5.5,4486075,Yes
424,Kia,EV6,BEV,Gujarat,Ahmedabad,2026,2022-03-06,26,446,6.5,821053,Yes
425,Kia,EV6,BEV,Gujarat,Ahmedabad,2023,2022-08-17,29,289,2.5,1231824,No
426,MG,ZS EV,BEV,Maharashtra,Pune,2022,2025-09-23,55,490,4.5,1631059,Yes
427,Mahindra,XUV400,BEV,Maharashtra,Mumbai,2023,2024-12-28,69,230,3.5,1494764,Yes
428,Mahindra,XUV400,PHEV,Gujarat,Ahmedabad,2022,2022-04-15,72,531,5.5,2552810,No
429,Mahindra,XUV400,BEV,Maharashtra,Pune,2025,2023-05-16,52,317,5.5,2279100,Yes
430,Mahindra,XUV400,PHEV,Gujarat,Ahmedabad,2026,2023-08-29,25,195,1.5,1734647,Yes
431,Tata,Nexon EV,BEV,Delhi,New Delhi,2022,2022-05-05,66,223,8.5,1373471,Yes
432,Hyundai,Kona Electric,BEV,Karnataka,Bengaluru,2022,2024-10-26,68,225,1.5,3838800,No
433,Mahindra,XUV400,BEV,Tamil Nadu,Chennai,2022,2024-06-11,67,203,5.5,1212470,Yes
434,Mahindra,XUV400,PHEV,Karnataka,Bengaluru,2026,2025-09-03,21,270,4.5,2276062,Yes
435,BYD,Atto 3,BEV,Karnataka,Bengaluru,2026,2023-07-22,36,470,6.5,3008200,No
436,Kia,EV6,PHEV,Karnataka,Bengaluru,2026,2024-09-03,50,297,3.5,767472,Yes
437,Hyundai,Kona Electric,PHEV,Delhi,New Delhi,2024,2023-08-14,27,510,8.5,3321968,No
438,BYD,Atto 3,PHEV,Maharashtra,Mumbai,2026,2024-08-22,46,247,2.5,2878869,Yes
439,Hyundai,Kona Electric,PHEV,Maharashtra,Pune,2022,2024-04-23,46,288,5.5,2492191,No
440,Mahindra,XUV400,BEV,Maharashtra,Pune,2024,2023-05-09,74,534,8.5,1629863,No
441,Hyundai,Kona Electric,BEV,Maharashtra,Pune,2023,2023-01-24,79,304,6.5,3631384,No
442,MG,ZS EV,BEV,Delhi,New Delhi,2026,2025-03-09,28,182,8.5,2321328,No
443,Tata,Nexon EV,PHEV,Karnataka,Bengaluru,2023,2025-11-08,31,223,8.5,2901104,No
444,Hyundai,Kona Electric,PHEV,Delhi,New Delhi,2023,2025-06-11,62,325,2.5,3184035,No
445,Hyundai,Kona Electric,BEV,Karnataka,Bengaluru,2026,2025-09-20,49,213,8.5,3908790,No
446,BYD,Atto 3,PHEV,Delhi,New Delhi,2022,2023-10-21,67,404,3.5,2498070,No
447,Hyundai,Kona Electric,PHEV,Delhi,New Delhi,2024,2022-04-08,45,495,7.5,1167694,Yes
448,BYD,Atto 3,BEV,Maharashtra,Mumbai,2025,2023-03-27,72,414,1.5,1620872,Yes
449,Kia,EV6,BEV,Karnataka,Bengaluru,2025,2024-07-08,54,286,2.5,4282081,Yes
450,Kia,EV6,BEV,Maharashtra,Mumbai,2022,2023-09-22,72,540,2.5,3420758,Yes
451,MG,Comet EV,BEV,Karnataka,Bengaluru,2024,2026-01-20,58,407,1.5,1458737,No
452,Mahindra,XUV400,PHEV,Gujarat,Ahmedabad,2024,2025-03-02,30,289,5.5,3453624,No
453,Kia,EV6,PHEV,Karnataka,Bengaluru,2022,2023-04-16,72,368,6.5,4205350,Yes
454,MG,ZS EV,PHEV,Delhi,New Delhi,2023,2022-05-14,50,494,5.5,1918497,Yes
455,MG,Comet EV,PHEV,Gujarat,Ahmedabad,2022,2023-06-10,28,505,5.5,1481635,Yes
456,Kia,EV6,PHEV,Tamil Nadu,Chennai,2024,2023-02-27,68,276,6.5,4381227,Yes
457,Kia,EV6,PHEV,Maharashtra,Pune,2022,2023-07-02,25,336,2.5,734918,Yes
458,Hyundai,Kona Electric,BEV,Maharashtra,Pune,2024,2025-09-22,64,218,2.5,1731773,No
459,Kia,EV6,PHEV,Gujarat,Ahmedabad,2025,2024-11-09,74,258,8.5,4068947,Yes
460,MG,Comet EV,PHEV,Gujarat,Ahmedabad,2025,2023-09-20,32,253,5.5,1830610,Yes
461,Kia,EV6,PHEV,Maharashtra,Pune,2022,2024-08-15,60,447,2.5,1171460,No
462,BYD,Atto 3,PHEV,Karnataka,Bengaluru,2024,2025-10-25,45,504,3.5,3339998,No
463,BYD,Atto 3,BEV,Tamil Nadu,Chennai,2025,2023-05-02,48,348,7.5,4487327,No
464,BYD,Atto 3,PHEV,Tamil Nadu,Chennai,2022,2023-06-01,38,382,5.5,1872437,No
465,Hyundai,Kona Electric,PHEV,Maharashtra,Mumbai,2022,2022-08-14,50,239,8.5,2840268,No
466,Kia,EV6,PHEV,Gujarat,Ahmedabad,2024,2025-08-23,44,341,1.5,1725858,Yes
467,Tata,Punch EV,BEV,Karnataka,Bengaluru,2023,2023-04-17,70,234,5.5,3690739,No
468,BYD,Atto 3,PHEV,Gujarat,Ahmedabad,2026,2022-07-12,27,366,5.5,4306807,Yes
469,Hyundai,Kona Electric,BEV,Tamil Nadu,Chennai,2025,2024-01-31,32,548,6.5,4277394,No
470,Kia,EV6,PHEV,Gujarat,Ahmedabad,2024,2023-05-17,77,260,5.5,3469209,No
471,BYD,Atto 3,BEV,Karnataka,Bengaluru,2022,2024-01-28,58,465,1.5,3176595,Yes
472,Kia,EV6,BEV,Gujarat,Ahmedabad,2025,2024-06-13,60,489,6.5,3371797,No
473,MG,Comet EV,PHEV,Maharashtra,Mumbai,2022,2022-05-31,28,452,2.5,1299595,No
474,Kia,EV6,BEV,Maharashtra,Pune,2022,2024-06-21,20,544,8.5,4313420,Yes
475,Tata,Punch EV,BEV,Karnataka,Bengaluru,2023,2023-08-23,80,536,6.5,3991179,Yes
476,Tata,Nexon EV,BEV,Karnataka,Bengaluru,2025,2022-05-10,52,465,6.5,1707310,No
477,MG,ZS EV,PHEV,Tamil Nadu,Chennai,2026,2025-06-27,58,423,7.5,2674390,Yes
478,Hyundai,Kona Electric,PHEV,Gujarat,Ahmedabad,2025,2023-04-11,46,287,8.5,3114201,No
479,Hyundai,Kona Electric,BEV,Gujarat,Ahmedabad,2026,2024-04-17,74,186,7.5,3659472,No
480,Hyundai,Kona Electric,BEV,Delhi,New Delhi,2026,2024-03-14,28,223,2.5,1628714,Yes
481,BYD,Atto 3,BEV,Karnataka,Bengaluru,2026,2024-06-02,72,299,6.5,2531783,No
482,MG,Comet EV,BEV,Gujarat,Ahmedabad,2024,2023-06-07,54,260,7.5,2115261,No
483,BYD,Atto 3,PHEV,Delhi,New Delhi,2024,2023-02-19,40,404,6.5,2501890,Yes
484,Mahindra,XUV400,BEV,Maharashtra,Pune,2026,2024-02-19,27,422,2.5,3766970,Yes
485,Hyundai,Kona Electric,BEV,Karnataka,Bengaluru,2026,2024-12-30,39,433,3.5,1725758,No
486,Mahindra,XUV400,BEV,Tamil Nadu,Chennai,2022,2024-04-26,30,403,3.5,3797902,Yes
487,Tata,Punch EV,BEV,Karnataka,Bengaluru,2025,2024-12-18,46,421,3.5,2012071,Yes
488,Hyundai,Kona Electric,PHEV,Tamil Nadu,Chennai,2026,2024-06-11,77,466,2.5,2509052,No
489,Hyundai,Kona Electric,PHEV,Gujarat,Ahmedabad,2022,2024-01-21,78,332,4.5,1907683,Yes
490,Mahindra,XUV400,BEV,Delhi,New Delhi,2023,2024-01-07,33,535,3.5,792521,Yes
491,Hyundai,Kona Electric,PHEV,Tamil Nadu,Chennai,2026,2023-08-24,60,473,4.5,3706783,Yes
492,MG,Comet EV,BEV,Gujarat,Ahmedabad,2026,2026-02-09,25,219,3.5,4283546,Yes
493,BYD,Atto 3,BEV,Maharashtra,Pune,2022,2022-04-26,62,482,5.5,4078384,Yes
494,Mahindra,XUV400,PHEV,Tamil Nadu,Chennai,2026,2022-04-21,28,272,4.5,1627323,Yes
495,MG,Comet EV,BEV,Tamil Nadu,Chennai,2025,2024-05-28,55,309,7.5,2496367,Yes
496,BYD,Atto 3,PHEV,Karnataka,Bengaluru,2024,2024-12-02,71,515,4.5,1906965,No
497,Tata,Punch EV,BEV,Maharashtra,Pune,2024,2025-02-12,72,510,6.5,1389083,Yes
498,Mahindra,XUV400,PHEV,Delhi,New Delhi,2025,2023-05-20,32,527,4.5,759070,Yes
499,MG,Comet EV,PHEV,Delhi,New Delhi,2026,2022-11-13,79,431,2.5,4139668,Yes
500,BYD,Atto 3,BEV,Delhi,New Delhi,2026,2025-02-11,45,458,1.5,3973720,No
501,Kia,EV6,BEV,Maharashtra,Mumbai,2022,2026-01-21,54,220,3.5,4382325,No
502,Hyundai,Kona Electric,PHEV,Tamil Nadu,Chennai,2022,2022-11-16,24,270,7.5,2958931,Yes
503,Hyundai,Kona Electric,BEV,Tamil Nadu,Chennai,2024,2022-07-21,54,406,2.5,1112529,No
504,Mahindra,XUV400,BEV,Maharashtra,Pune,2023,2026-01-15,72,429,8.5,3186060,Yes
505,MG,ZS EV,BEV,Maharashtra,Pune,2025,2022-11-16,32,329,6.5,1703460,No
506,Tata,Nexon EV,PHEV,Delhi,New Delhi,2022,2022-09-03,72,292,8.5,3266503,No
507,MG,Comet EV,PHEV,Tamil Nadu,Chennai,2022,2025-11-15,48,325,1.5,3366545,Yes
508,Kia,EV6,BEV,Tamil Nadu,Chennai,2022,2023-02-11,56,186,2.5,4384251,Yes
509,BYD,Atto 3,PHEV,Tamil Nadu,Chennai,2022,2022-10-23,49,516,2.5,2740331,Yes
510,Kia,EV6,PHEV,Tamil Nadu,Chennai,2022,2025-08-17,60,470,3.5,2382030,Yes
511,Mahindra,XUV400,PHEV,Karnataka,Bengaluru,2023,2023-09-04,45,385,5.5,2179783,Yes
512,BYD,Atto 3,BEV,Tamil Nadu,Chennai,2025,2025-10-17,52,265,4.5,4312689,Yes
513,BYD,Atto 3,BEV,Delhi,New Delhi,2022,2023-03-01,38,494,1.5,2417629,Yes
514,Tata,Nexon EV,BEV,Delhi,New Delhi,2025,2025-02-01,58,330,3.5,2930429,No
515,Mahindra,XUV400,BEV,Karnataka,Bengaluru,2023,2022-02-21,59,276,5.5,1856693,No
516,BYD,Atto 3,BEV,Maharashtra,Mumbai,2024,2023-03-14,30,399,6.5,4236702,No
517,Kia,EV6,PHEV,Delhi,New Delhi,2024,2024-10-20,77,379,5.5,852479,Yes
518,Tata,Nexon EV,PHEV,Maharashtra,Mumbai,2024,2022-11-05,23,212,4.5,3803424,Yes
519,Kia,EV6,BEV,Maharashtra,Mumbai,2026,2023-04-11,74,548,7.5,1456796,Yes
520,MG,Comet EV,BEV,Delhi,New Delhi,2025,2024-02-25,41,314,4.5,949314,No
521,Hyundai,Kona Electric,PHEV,Maharashtra,Mumbai,2022,2024-05-13,23,429,2.5,3309175,No
522,Hyundai,Kona Electric,BEV,Maharashtra,Pune,2024,2025-08-09,54,300,4.5,1762323,No
523,MG,ZS EV,BEV,Gujarat,Ahmedabad,2022,2024-12-22,31,352,7.5,2790286,No
524,Hyundai,Kona Electric,PHEV,Tamil Nadu,Chennai,2022,2024-10-10,68,201,4.5,922479,Yes
525,Mahindra,XUV400,BEV,Maharashtra,Mumbai,2024,2025-08-28,43,463,4.5,928170,Yes
526,Mahindra,XUV400,BEV,Gujarat,Ahmedabad,2026,2025-03-10,63,397,3.5,1642123,No
527,Mahindra,XUV400,PHEV,Gujarat,Ahmedabad,2026,2025-08-24,49,534,1.5,738749,No
528,Mahindra,XUV400,BEV,Gujarat,Ahmedabad,2026,2024-08-04,25,363,8.5,3883212,No
529,BYD,Atto 3,BEV,Delhi,New Delhi,2025,2022-12-26,25,420,1.5,1476097,No
530,Mahindra,XUV400,PHEV,Maharashtra,Pune,2023,2025-10-18,74,431,3.5,1734812,Yes
531,Kia,EV6,BEV,Maharashtra,Mumbai,2023,2023-06-03,62,474,3.5,3438768,No
532,Mahindra,XUV400,PHEV,Gujarat,Ahmedabad,2025,2022-09-19,62,308,3.5,1725722,Yes
533,Kia,EV6,PHEV,Tamil Nadu,Chennai,2022,2022-12-26,25,194,4.5,3168262,No
534,Hyundai,Kona Electric,BEV,Maharashtra,Pune,2025,2023-02-11,39,543,7.5,993987,Yes
535,Tata,Nexon EV,PHEV,Gujarat,Ahmedabad,2023,2024-05-20,79,392,8.5,904350,Yes
536,MG,Comet EV,BEV,Maharashtra,Pune,2023,2023-06-02,23,489,7.5,3335636,Yes
537,Mahindra,XUV400,BEV,Maharashtra,Pune,2022,2022-09-04,76,245,4.5,3601653,No
538,Tata,Punch EV,BEV,Maharashtra,Mumbai,2023,2023-01-16,23,265,3.5,3132236,No
539,MG,ZS EV,PHEV,Karnataka,Bengaluru,2025,2023-09-30,63,395,8.5,2095957,No
540,Mahindra,XUV400,BEV,Karnataka,Bengaluru,2026,2025-03-23,79,527,3.5,1891567,No
541,Hyundai,Kona Electric,BEV,Delhi,New Delhi,2023,2024-04-10,57,232,2.5,2618407,No
542,Mahindra,XUV400,PHEV,Maharashtra,Pune,2022,2024-02-07,75,323,2.5,4291086,No
543,Mahindra,XUV400,BEV,Tamil Nadu,Chennai,2022,2022-07-09,29,259,8.5,2202036,Yes
544,BYD,Atto 3,BEV,Karnataka,Bengaluru,2026,2025-10-08,52,266,7.5,3024135,Yes
545,Kia,EV6,PHEV,Karnataka,Bengaluru,2023,2024-06-10,21,274,8.5,2727511,No
546,Hyundai,Kona Electric,PHEV,Maharashtra,Pune,2022,2025-08-12,66,345,5.5,4462002,No
547,BYD,Atto 3,BEV,Maharashtra,Pune,2023,2025-02-27,69,321,2.5,2991323,Yes
548,MG,Comet EV,PHEV,Maharashtra,Mumbai,2025,2023-12-04,55,399,3.5,3104000,Yes
549,Hyundai,Kona Electric,BEV,Delhi,New Delhi,2022,2023-02-22,67,255,6.5,750765,No
550,Tata,Nexon EV,PHEV,Delhi,New Delhi,2024,2023-01-14,69,368,5.5,3609636,No
551,BYD,Atto 3,BEV,Maharashtra,Pune,2024,2025-03-19,25,535,2.5,1832806,Yes
552,Mahindra,XUV400,BEV,Tamil Nadu,Chennai,2024,2023-03-10,59,270,3.5,1874716,Yes
553,Hyundai,Kona Electric,BEV,Karnataka,Bengaluru,2024,2025-05-10,53,357,7.5,1058227,No
554,BYD,Atto 3,PHEV,Delhi,New Delhi,2022,2022-01-03,66,444,3.5,1516719,Yes
555,Kia,EV6,BEV,Tamil Nadu,Chennai,2026,2023-03-13,80,318,4.5,3512488,No
556,Kia,EV6,BEV,Delhi,New Delhi,2024,2024-06-13,63,388,4.5,4087270,Yes
557,Mahindra,XUV400,BEV,Maharashtra,Pune,2025,2024-12-13,41,485,1.5,3009604,Yes
558,Kia,EV6,BEV,Delhi,New Delhi,2024,2023-08-09,29,535,8.5,4115820,No
559,Kia,EV6,BEV,Maharashtra,Pune,2024,2025-09-05,59,401,4.5,1893819,Yes
560,Tata,Nexon EV,PHEV,Karnataka,Bengaluru,2026,2022-08-14,38,308,7.5,1504059,Yes
561,Mahindra,XUV400,BEV,Tamil Nadu,Chennai,2024,2023-03-12,50,245,2.5,3809960,No
562,Kia,EV6,BEV,Maharashtra,Pune,2025,2025-09-10,67,321,1.5,3173398,No
563,Mahindra,XUV400,PHEV,Delhi,New Delhi,2023,2025-04-26,73,411,7.5,1789658,No
564,Kia,EV6,BEV,Tamil Nadu,Chennai,2025,2025-10-21,74,459,2.5,1222794,Yes
565,Tata,Punch EV,BEV,Gujarat,Ahmedabad,2022,2022-12-14,24,350,1.5,1312782,No
566,Mahindra,XUV400,PHEV,Delhi,New Delhi,2026,2026-01-06,39,247,4.5,1641070,No
567,Hyundai,Kona Electric,PHEV,Delhi,New Delhi,2024,2026-01-14,53,376,8.5,3494350,Yes
568,Kia,EV6,BEV,Gujarat,Ahmedabad,2024,2022-01-07,75,456,1.5,2824713,No
569,Tata,Punch EV,PHEV,Maharashtra,Mumbai,2022,2023-04-29,76,365,1.5,2598456,Yes
570,MG,Comet EV,BEV,Gujarat,Ahmedabad,2026,2025-06-04,75,221,3.5,3010106,Yes
571,BYD,Atto 3,BEV,Karnataka,Bengaluru,2026,2023-05-26,38,319,5.5,1982830,Yes
572,BYD,Atto 3,BEV,Delhi,New Delhi,2026,2022-08-24,52,397,8.5,3339683,Yes
573,Tata,Nexon EV,BEV,Delhi,New Delhi,2025,2022-03-03,56,413,8.5,1748727,No
574,MG,Comet EV,BEV,Delhi,New Delhi,2025,2023-11-05,32,514,6.5,771787,No
575,Mahindra,XUV400,BEV,Delhi,New Delhi,2025,2022-01-15,68,202,5.5,1083710,Yes
576,Mahindra,XUV400,BEV,Gujarat,Ahmedabad,2024,2025-05-06,45,323,5.5,3982196,No
577,MG,ZS EV,PHEV,Maharashtra,Mumbai,2025,2024-02-05,53,448,1.5,4177813,Yes
578,BYD,Atto 3,PHEV,Maharashtra,Mumbai,2025,2024-06-07,71,424,5.5,3662534,Yes
579,MG,ZS EV,BEV,Gujarat,Ahmedabad,2026,2025-02-13,50,538,2.5,3341651,Yes
580,Tata,Punch EV,BEV,Gujarat,Ahmedabad,2025,2025-05-26,32,349,6.5,3561722,Yes
581,Kia,EV6,BEV,Karnataka,Bengaluru,2024,2022-06-02,58,501,8.5,2283849,Yes
582,Kia,EV6,PHEV,Delhi,New Delhi,2026,2022-05-19,70,224,4.5,1314406,No
583,Tata,Nexon EV,BEV,Karnataka,Bengaluru,2023,2022-08-20,63,472,6.5,2938702,No
584,MG,Comet EV,BEV,Karnataka,Bengaluru,2025,2025-07-11,77,419,2.5,1427529,No
585,Kia,EV6,PHEV,Maharashtra,Mumbai,2022,2024-01-01,34,532,8.5,2494668,Yes
586,Mahindra,XUV400,PHEV,Karnataka,Bengaluru,2025,2025-08-30,45,434,4.5,2999658,No
587,Hyundai,Kona Electric,BEV,Maharashtra,Pune,2022,2024-01-22,46,496,4.5,4071786,Yes
588,Kia,EV6,BEV,Tamil Nadu,Chennai,2026,2026-01-05,50,213,5.5,4100849,No
589,Hyundai,Kona Electric,PHEV,Maharashtra,Pune,2023,2025-07-19,61,184,3.5,3871839,No
590,BYD,Atto 3,BEV,Tamil Nadu,Chennai,2024,2023-08-17,62,539,1.5,3580435,No
591,Hyundai,Kona Electric,PHEV,Karnataka,Bengaluru,2025,2025-12-27,41,415,7.5,2881942,Yes
592,Kia,EV6,PHEV,Maharashtra,Mumbai,2024,2023-08-20,25,246,2.5,3101929,Yes
593,Tata,Nexon EV,BEV,Gujarat,Ahmedabad,2025,2025-01-24,34,464,4.5,4197915,No
594,Mahindra,XUV400,BEV,Tamil Nadu,Chennai,2024,2022-03-24,59,219,1.5,1650793,No
595,MG,Comet EV,PHEV,Delhi,New Delhi,2024,2024-03-30,22,437,3.5,2179922,Yes
596,BYD,Atto 3,BEV,Maharashtra,Mumbai,2023,2022-11-05,23,233,1.5,2886757,Yes
597,Hyundai,Kona Electric,BEV,Tamil Nadu,Chennai,2025,2024-03-31,50,342,4.5,3422392,Yes
598,BYD,Atto 3,BEV,Karnataka,Bengaluru,2023,2022-03-04,45,507,5.5,4003852,No
599,BYD,Atto 3,PHEV,Karnataka,Bengaluru,2024,2023-07-22,37,257,3.5,3873319,Yes
600,MG,Comet EV,PHEV,Karnataka,Bengaluru,2024,2022-10-13,32,326,4.5,1152933,Yes
601,Hyundai,Kona Electric,PHEV,Maharashtra,Mumbai,2026,2022-06-16,44,198,1.5,2363031,No
602,Hyundai,Kona Electric,PHEV,Maharashtra,Pune,2022,2024-02-11,60,227,7.5,1209140,Yes
603,Mahindra,XUV400,BEV,Gujarat,Ahmedabad,2026,2023-04-12,75,306,7.5,1855267,Yes
604,MG,Comet EV,PHEV,Maharashtra,Mumbai,2022,2023-01-20,71,278,1.5,4154092,Yes
605,Mahindra,XUV400,PHEV,Delhi,New Delhi,2026,2024-06-08,40,457,6.5,2978288,Yes
606,MG,ZS EV,BEV,Gujarat,Ahmedabad,2025,2024-08-17,27,283,1.5,3702134,Yes
607,Tata,Nexon EV,BEV,Karnataka,Bengaluru,2022,2023-09-30,48,188,1.5,3353958,Yes
608,Kia,EV6,PHEV,Tamil Nadu,Chennai,2024,2025-06-13,79,279,2.5,2613140,Yes
609,Kia,EV6,BEV,Maharashtra,Mumbai,2025,2024-07-01,48,381,3.5,895543,Yes
610,Tata,Punch EV,PHEV,Karnataka,Bengaluru,2022,2023-07-03,37,326,2.5,3962192,Yes
611,BYD,Atto 3,BEV,Gujarat,Ahmedabad,2023,2023-10-28,36,519,2.5,1887965,No
612,Hyundai,Kona Electric,PHEV,Delhi,New Delhi,2023,2023-08-25,37,405,2.5,3690228,Yes
613,BYD,Atto 3,PHEV,Maharashtra,Pune,2026,2024-11-18,67,425,3.5,3552941,Yes
614,Hyundai,Kona Electric,BEV,Tamil Nadu,Chennai,2025,2025-12-08,56,352,7.5,2469562,Yes
615,Hyundai,Kona Electric,BEV,Gujarat,Ahmedabad,2022,2023-07-15,38,234,5.5,1995266,No
616,Kia,EV6,BEV,Gujarat,Ahmedabad,2025,2023-09-07,37,351,1.5,3984845,Yes
617,BYD,Atto 3,BEV,Maharashtra,Pune,2026,2022-05-22,34,318,3.5,4208715,No
618,Tata,Punch EV,PHEV,Delhi,New Delhi,2025,2022-05-17,64,382,2.5,1301677,Yes
619,MG,Comet EV,BEV,Delhi,New Delhi,2024,2022-07-03,24,246,8.5,1993332,Yes
620,BYD,Atto 3,BEV,Delhi,New Delhi,2023,2022-10-10,46,532,3.5,2445999,Yes
621,BYD,Atto 3,PHEV,Maharashtra,Mumbai,2024,2022-09-17,62,343,6.5,1829431,No
622,Kia,EV6,PHEV,Delhi,New Delhi,2024,2022-04-10,27,217,8.5,1676196,Yes
623,BYD,Atto 3,PHEV,Maharashtra,Pune,2026,2024-11-23,31,422,8.5,2166662,No
624,MG,ZS EV,PHEV,Delhi,New Delhi,2023,2022-05-06,32,220,2.5,1745483,No
625,Kia,EV6,PHEV,Karnataka,Bengaluru,2022,2025-11-29,53,479,3.5,2279945,Yes
626,Kia,EV6,BEV,Gujarat,Ahmedabad,2022,2023-10-13,33,389,7.5,1261534,Yes
627,BYD,Atto 3,PHEV,Gujarat,Ahmedabad,2026,2025-06-26,75,469,6.5,3470001,No
628,Kia,EV6,BEV,Maharashtra,Pune,2026,2023-03-25,51,506,2.5,1119245,Yes
629,MG,Comet EV,PHEV,Gujarat,Ahmedabad,2022,2025-05-30,60,447,3.5,2151783,Yes
630,MG,ZS EV,BEV,Delhi,New Delhi,2024,2024-02-10,45,301,7.5,3374255,No
631,Tata,Punch EV,BEV,Gujarat,Ahmedabad,2025,2022-03-11,76,305,3.5,3593618,No
632,Kia,EV6,BEV,Delhi,New Delhi,2025,2022-10-11,53,200,4.5,2363545,Yes
633,MG,ZS EV,BEV,Tamil Nadu,Chennai,2026,2024-03-30,50,399,7.5,2965901,No
634,MG,Comet EV,BEV,Karnataka,Bengaluru,2026,2024-01-03,47,325,2.5,1587810,No
635,Kia,EV6,PHEV,Gujarat,Ahmedabad,2024,2023-08-12,79,482,5.5,2364261,No
636,MG,Comet EV,PHEV,Tamil Nadu,Chennai,2025,2022-04-10,79,311,6.5,2170398,Yes
637,Tata,Punch EV,PHEV,Karnataka,Bengaluru,2023,2026-01-04,56,181,2.5,1921091,Yes
638,BYD,Atto 3,BEV,Gujarat,Ahmedabad,2023,2024-06-17,27,475,1.5,803830,Yes
639,BYD,Atto 3,PHEV,Gujarat,Ahmedabad,2022,2024-09-15,69,506,3.5,4207671,Yes
640,MG,ZS EV,PHEV,Maharashtra,Pune,2023,2024-12-11,25,491,5.5,2661592,Yes
641,Hyundai,Kona Electric,PHEV,Karnataka,Bengaluru,2023,2023-04-25,26,356,1.5,4481245,Yes
642,BYD,Atto 3,BEV,Delhi,New Delhi,2025,2023-03-05,42,403,1.5,2240009,No
643,Kia,EV6,BEV,Maharashtra,Pune,2026,2026-01-15,51,290,4.5,3265915,Yes
644,Hyundai,Kona Electric,PHEV,Maharashtra,Pune,2026,2025-10-02,48,357,2.5,4394417,Yes
645,Mahindra,XUV400,BEV,Maharashtra,Mumbai,2023,2024-11-20,51,356,1.5,2589080,Yes
646,Kia,EV6,BEV,Gujarat,Ahmedabad,2022,2022-10-10,75,297,6.5,2921386,Yes
647,Hyundai,Kona Electric,BEV,Delhi,New Delhi,2022,2025-04-03,44,229,8.5,3440227,No
648,Mahindra,XUV400,PHEV,Gujarat,Ahmedabad,2025,2022-11-23,62,542,7.5,3369876,No
649,MG,Comet EV,BEV,Gujarat,Ahmedabad,2023,2025-04-02,74,239,3.5,2083977,No
650,BYD,Atto 3,BEV,Maharashtra,Mumbai,2025,2023-01-06,24,529,2.5,2320639,No
651,Hyundai,Kona Electric,PHEV,Maharashtra,Mumbai,2026,2024-10-06,45,258,7.5,3194083,Yes
652,Tata,Punch EV,PHEV,Karnataka,Bengaluru,2026,2023-07-18,78,297,3.5,3398161,Yes
653,MG,ZS EV,BEV,Maharashtra,Mumbai,2022,2023-07-30,65,299,5.5,3254140,No
654,MG,Comet EV,PHEV,Tamil Nadu,Chennai,2022,2023-10-14,55,281,6.5,3029979,No
655,BYD,Atto 3,PHEV,Karnataka,Bengaluru,2024,2025-11-08,35,384,7.5,3189394,Yes
656,BYD,Atto 3,BEV,Delhi,New Delhi,2023,2022-01-27,58,429,3.5,744351,Yes
657,Mahindra,XUV400,PHEV,Gujarat,Ahmedabad,2023,2024-03-14,72,541,1.5,1320581,Yes
658,MG,Comet EV,BEV,Tamil Nadu,Chennai,2023,2024-04-02,51,525,1.5,812871,Yes
659,Kia,EV6,PHEV,Gujarat,Ahmedabad,2023,2023-07-18,66,469,2.5,1608634,No
660,Tata,Punch EV,BEV,Maharashtra,Pune,2024,2024-05-28,57,230,5.5,2566915,No
661,BYD,Atto 3,BEV,Gujarat,Ahmedabad,2025,2022-10-19,52,513,1.5,3291007,No
662,MG,Comet EV,BEV,Delhi,New Delhi,2022,2022-02-13,44,417,2.5,1841488,Yes
663,Mahindra,XUV400,BEV,Tamil Nadu,Chennai,2022,2023-11-27,63,310,1.5,4124236,Yes
664,Hyundai,Kona Electric,PHEV,Maharashtra,Mumbai,2024,2022-06-01,45,256,5.5,3759246,Yes
665,Hyundai,Kona Electric,BEV,Maharashtra,Pune,2022,2022-01-20,51,300,3.5,2457518,Yes
666,Mahindra,XUV400,BEV,Gujarat,Ahmedabad,2024,2022-03-17,35,515,1.5,1172301,Yes
667,Mahindra,XUV400,PHEV,Tamil Nadu,Chennai,2023,2023-11-27,62,332,4.5,1652539,No
668,Mahindra,XUV400,PHEV,Maharashtra,Pune,2026,2022-07-10,73,427,2.5,1020114,Yes
669,Tata,Nexon EV,BEV,Tamil Nadu,Chennai,2025,2023-04-21,29,522,4.5,2530764,Yes
670,Kia,EV6,BEV,Karnataka,Bengaluru,2023,2024-08-30,21,187,2.5,3390458,Yes
671,Kia,EV6,PHEV,Delhi,New Delhi,2025,2023-04-17,42,434,4.5,3058044,Yes
672,BYD,Atto 3,BEV,Maharashtra,Pune,2026,2023-09-11,56,371,2.5,1752483,No
673,Tata,Punch EV,PHEV,Karnataka,Bengaluru,2022,2025-04-10,71,253,3.5,1480081,Yes
674,Hyundai,Kona Electric,BEV,Maharashtra,Mumbai,2024,2024-04-23,77,297,1.5,1108342,Yes
675,Tata,Punch EV,BEV,Gujarat,Ahmedabad,2026,2024-02-17,53,283,2.5,714634,No
676,Mahindra,XUV400,PHEV,Gujarat,Ahmedabad,2022,2023-10-07,47,351,3.5,3673751,Yes
677,Tata,Nexon EV,PHEV,Delhi,New Delhi,2026,2023-03-04,37,378,3.5,1355936,Yes
678,Tata,Nexon EV,PHEV,Tamil Nadu,Chennai,2022,2023-12-22,26,350,8.5,4375050,Yes
679,Tata,Nexon EV,BEV,Maharashtra,Pune,2024,2023-10-31,77,513,4.5,2129991,Yes
680,Kia,EV6,BEV,Delhi,New Delhi,2022,2023-08-10,72,276,8.5,1037979,Yes
681,Kia,EV6,BEV,Karnataka,Bengaluru,2025,2025-08-25,55,206,1.5,2625454,Yes
682,BYD,Atto 3,BEV,Karnataka,Bengaluru,2025,2022-04-18,20,493,8.5,2014310,No
683,Hyundai,Kona Electric,BEV,Tamil Nadu,Chennai,2025,2023-07-06,61,441,6.5,1092039,Yes
684,Tata,Punch EV,PHEV,Maharashtra,Mumbai,2023,2025-12-05,36,420,2.5,3143514,No
685,Mahindra,XUV400,PHEV,Gujarat,Ahmedabad,2026,2024-03-10,54,428,5.5,3878573,Yes
686,Tata,Nexon EV,PHEV,Maharashtra,Pune,2024,2024-07-30,78,393,8.5,2761555,Yes
687,Tata,Nexon EV,BEV,Gujarat,Ahmedabad,2024,2024-11-07,51,212,2.5,4389055,No
688,Mahindra,XUV400,BEV,Tamil Nadu,Chennai,2024,2022-12-06,35,476,6.5,3479463,No
689,Kia,EV6,PHEV,Maharashtra,Pune,2023,2024-11-18,41,453,2.5,1305906,No
690,Kia,EV6,BEV,Gujarat,Ahmedabad,2025,2023-11-15,69,250,6.5,4002650,Yes
691,Kia,EV6,BEV,Tamil Nadu,Chennai,2026,2025-08-28,62,252,3.5,2418487,Yes
692,MG,Comet EV,BEV,Delhi,New Delhi,2026,2025-02-18,74,411,6.5,913260,No
693,MG,Comet EV,PHEV,Maharashtra,Pune,2022,2025-04-29,54,242,5.5,2581902,No
694,Hyundai,Kona Electric,PHEV,Delhi,New Delhi,2022,2022-04-23,41,199,7.5,2211499,No
695,Mahindra,XUV400,PHEV,Gujarat,Ahmedabad,2026,2022-02-24,53,217,5.5,4026727,Yes
696,Mahindra,XUV400,PHEV,Gujarat,Ahmedabad,2023,2023-12-24,30,528,2.5,3913643,Yes
697,Hyundai,Kona Electric,PHEV,Maharashtra,Pune,2022,2023-12-21,37,295,7.5,2486138,No
698,BYD,Atto 3,PHEV,Maharashtra,Pune,2024,2025-03-10,36,433,4.5,986575,No
699,MG,ZS EV,PHEV,Maharashtra,Pune,2022,2023-01-31,39,521,7.5,2376661,No
700,Hyundai,Kona Electric,BEV,Delhi,New Delhi,2023,2024-08-07,73,234,8.5,2616487,No
701,Hyundai,Kona Electric,PHEV,Tamil Nadu,Chennai,2024,2024-10-15,50,335,5.5,1181433,Yes
702,MG,ZS EV,PHEV,Maharashtra,Mumbai,2026,2024-01-05,78,446,1.5,2749597,No
703,Hyundai,Kona Electric,PHEV,Maharashtra,Mumbai,2023,2025-01-21,44,505,8.5,1450936,No
704,Tata,Nexon EV,PHEV,Tamil Nadu,Chennai,2022,2025-04-25,76,378,1.5,818970,Yes
705,Mahindra,XUV400,PHEV,Maharashtra,Mumbai,2026,2023-03-14,42,512,8.5,1600371,No
706,Mahindra,XUV400,PHEV,Delhi,New Delhi,2026,2024-06-23,61,366,8.5,3299775,Yes
707,Kia,EV6,PHEV,Tamil Nadu,Chennai,2025,2024-06-13,61,522,6.5,4209857,Yes
708,Mahindra,XUV400,BEV,Maharashtra,Mumbai,2023,2023-05-03,35,426,3.5,2446436,Yes
709,Mahindra,XUV400,PHEV,Maharashtra,Pune,2025,2023-03-01,68,276,8.5,3856180,No
710,Kia,EV6,PHEV,Gujarat,Ahmedabad,2024,2026-01-27,68,250,8.5,2803889,Yes
711,MG,ZS EV,PHEV,Tamil Nadu,Chennai,2025,2026-01-29,26,399,8.5,1874220,Yes
712,Hyundai,Kona Electric,PHEV,Tamil Nadu,Chennai,2022,2025-05-24,40,435,7.5,2443600,Yes
713,BYD,Atto 3,PHEV,Maharashtra,Mumbai,2022,2023-05-31,56,422,5.5,2170936,No
714,BYD,Atto 3,BEV,Gujarat,Ahmedabad,2025,2024-02-22,73,528,1.5,3075741,Yes
715,BYD,Atto 3,BEV,Delhi,New Delhi,2024,2024-12-31,60,543,7.5,1448211,Yes
716,MG,ZS EV,BEV,Tamil Nadu,Chennai,2022,2022-06-13,25,384,5.5,3100460,Yes
717,MG,Comet EV,PHEV,Maharashtra,Mumbai,2022,2023-09-15,63,458,5.5,3903823,No
718,Kia,EV6,BEV,Maharashtra,Pune,2024,2024-05-24,22,344,2.5,3312888,Yes
719,MG,Comet EV,BEV,Tamil Nadu,Chennai,2024,2023-05-07,30,480,8.5,1095946,Yes
720,Hyundai,Kona Electric,BEV,Gujarat,Ahmedabad,2023,2022-05-29,45,454,8.5,1704525,Yes
721,Mahindra,XUV400,BEV,Tamil Nadu,Chennai,2023,2022-03-07,55,337,1.5,3457088,Yes
722,Tata,Punch EV,PHEV,Maharashtra,Pune,2023,2025-08-24,77,237,2.5,721979,No
723,MG,Comet EV,PHEV,Karnataka,Bengaluru,2023,2024-01-17,33,370,5.5,1256387,No
724,Hyundai,Kona Electric,BEV,Maharashtra,Pune,2023,2023-01-02,44,248,5.5,1922553,Yes
725,BYD,Atto 3,PHEV,Gujarat,Ahmedabad,2026,2026-01-27,30,182,3.5,2804041,Yes
726,MG,Comet EV,PHEV,Delhi,New Delhi,2024,2025-05-28,35,418,2.5,3397649,No
727,Kia,EV6,PHEV,Maharashtra,Pune,2026,2024-11-07,63,227,7.5,1626675,Yes
728,Mahindra,XUV400,PHEV,Tamil Nadu,Chennai,2026,2025-09-19,65,189,4.5,3960288,No
729,Mahindra,XUV400,PHEV,Delhi,New Delhi,2025,2023-07-22,30,343,1.5,2609359,Yes
730,Tata,Punch EV,PHEV,Delhi,New Delhi,2026,2025-11-22,34,447,8.5,2338892,Yes
731,MG,ZS EV,PHEV,Tamil Nadu,Chennai,2025,2022-03-14,35,425,2.5,1922494,No
732,Hyundai,Kona Electric,BEV,Tamil Nadu,Chennai,2025,2024-02-09,43,277,2.5,3953866,Yes
733,MG,Comet EV,PHEV,Maharashtra,Pune,2025,2025-01-30,67,500,3.5,4346867,No
734,Mahindra,XUV400,PHEV,Tamil Nadu,Chennai,2022,2024-06-25,32,292,6.5,1858686,Yes
735,Mahindra,XUV400,PHEV,Tamil Nadu,Chennai,2026,2023-10-13,23,333,6.5,993608,No
736,Tata,Punch EV,BEV,Delhi,New Delhi,2026,2024-09-13,42,404,1.5,3274821,No
737,Tata,Nexon EV,BEV,Karnataka,Bengaluru,2024,2024-09-18,74,197,4.5,1154956,No
738,Mahindra,XUV400,PHEV,Tamil Nadu,Chennai,2022,2024-11-22,58,479,5.5,1348086,No
739,Tata,Punch EV,PHEV,Karnataka,Bengaluru,2025,2024-05-05,20,545,4.5,2079398,No
740,Mahindra,XUV400,BEV,Maharashtra,Mumbai,2023,2023-11-21,29,465,4.5,3298430,No
741,MG,Comet EV,PHEV,Maharashtra,Pune,2024,2024-10-06,60,237,1.5,3228573,No
742,Hyundai,Kona Electric,PHEV,Karnataka,Bengaluru,2024,2023-04-12,55,244,2.5,1426699,Yes
743,Tata,Nexon EV,BEV,Karnataka,Bengaluru,2024,2024-02-24,54,525,1.5,2226466,Yes
744,MG,ZS EV,PHEV,Maharashtra,Pune,2023,2024-10-26,69,430,6.5,2396316,No
745,MG,Comet EV,BEV,Maharashtra,Mumbai,2025,2023-12-03,47,287,7.5,3797599,Yes
746,Tata,Nexon EV,PHEV,Maharashtra,Mumbai,2025,2022-07-13,68,203,6.5,3605650,No
747,Tata,Nexon EV,BEV,Maharashtra,Mumbai,2025,2024-06-03,70,456,5.5,1237766,Yes
748,Tata,Nexon EV,BEV,Delhi,New Delhi,2025,2022-12-05,72,233,7.5,2556495,Yes
749,Hyundai,Kona Electric,BEV,Maharashtra,Mumbai,2022,2022-01-07,66,234,5.5,2460008,Yes
750,BYD,Atto 3,BEV,Delhi,New Delhi,2024,2025-09-09,64,526,2.5,1804097,Yes
751,MG,Comet EV,BEV,Karnataka,Bengaluru,2025,2022-12-25,36,180,8.5,1738608,No
752,BYD,Atto 3,BEV,Karnataka,Bengaluru,2023,2024-01-26,28,452,5.5,4479319,No
753,Tata,Nexon EV,BEV,Maharashtra,Mumbai,2022,2024-09-06,41,197,4.5,3438549,No
754,MG,ZS EV,PHEV,Karnataka,Bengaluru,2024,2024-08-12,57,260,2.5,3241959,No
755,Mahindra,XUV400,PHEV,Gujarat,Ahmedabad,2022,2025-01-20,22,460,6.5,2117362,Yes
756,Tata,Punch EV,PHEV,Karnataka,Bengaluru,2026,2022-09-06,76,427,5.5,1241693,No
757,Tata,Punch EV,PHEV,Delhi,New Delhi,2026,2024-04-11,66,424,8.5,3331146,No
758,MG,Comet EV,PHEV,Gujarat,Ahmedabad,2024,2025-04-29,24,483,1.5,1494057,No
759,Mahindra,XUV400,PHEV,Maharashtra,Pune,2026,2025-07-26,57,467,2.5,2630353,Yes
760,Hyundai,Kona Electric,BEV,Delhi,New Delhi,2025,2025-09-11,77,417,5.5,1668392,Yes
761,Tata,Punch EV,PHEV,Maharashtra,Mumbai,2024,2024-07-23,49,495,4.5,3066568,No
762,MG,Comet EV,BEV,Maharashtra,Pune,2024,2022-06-09,75,335,2.5,2807151,Yes
763,Hyundai,Kona Electric,BEV,Gujarat,Ahmedabad,2024,2024-10-29,51,532,6.5,3079136,Yes
764,Mahindra,XUV400,BEV,Maharashtra,Mumbai,2022,2023-05-19,65,365,6.5,3565369,No
765,MG,ZS EV,BEV,Maharashtra,Pune,2025,2023-02-06,65,439,7.5,3668142,Yes
766,Kia,EV6,PHEV,Maharashtra,Pune,2023,2024-05-01,66,339,2.5,4170594,Yes
767,BYD,Atto 3,BEV,Gujarat,Ahmedabad,2026,2024-11-13,55,399,1.5,2943514,No
768,MG,ZS EV,BEV,Tamil Nadu,Chennai,2024,2023-11-25,60,438,4.5,3775176,Yes
769,MG,Comet EV,BEV,Delhi,New Delhi,2023,2025-05-04,60,221,6.5,4396701,No
770,BYD,Atto 3,BEV,Maharashtra,Mumbai,2026,2022-08-07,80,305,6.5,4093298,Yes
771,Tata,Nexon EV,BEV,Maharashtra,Mumbai,2025,2024-06-15,55,278,4.5,1789010,Yes
772,Kia,EV6,PHEV,Delhi,New Delhi,2025,2024-10-31,45,267,8.5,3243091,No
773,Mahindra,XUV400,PHEV,Gujarat,Ahmedabad,2022,2023-09-19,35,240,7.5,3840272,No
774,Tata,Nexon EV,PHEV,Karnataka,Bengaluru,2023,2025-02-28,51,214,8.5,1823506,Yes
775,Kia,EV6,BEV,Maharashtra,Pune,2025,2024-11-10,33,193,8.5,1417985,No
776,Mahindra,XUV400,PHEV,Tamil Nadu,Chennai,2022,2023-08-09,30,201,3.5,2324421,No
777,Tata,Nexon EV,PHEV,Maharashtra,Pune,2024,2025-06-27,62,186,1.5,726115,Yes
778,Mahindra,XUV400,PHEV,Karnataka,Bengaluru,2023,2025-08-04,25,409,4.5,4387726,No
779,BYD,Atto 3,PHEV,Tamil Nadu,Chennai,2024,2025-08-15,61,390,6.5,3553935,Yes
780,Tata,Nexon EV,BEV,Maharashtra,Mumbai,2024,2024-04-07,30,530,2.5,3386730,Yes
781,MG,ZS EV,BEV,Tamil Nadu,Chennai,2023,2024-02-05,52,265,2.5,4380265,Yes
782,Hyundai,Kona Electric,BEV,Maharashtra,Pune,2022,2023-09-06,63,293,2.5,4036391,No
783,Mahindra,XUV400,PHEV,Tamil Nadu,Chennai,2022,2024-07-21,70,477,7.5,2025957,No
784,BYD,Atto 3,BEV,Maharashtra,Mumbai,2024,2024-02-08,42,314,5.5,3323997,Yes
785,MG,Comet EV,PHEV,Maharashtra,Pune,2022,2024-04-16,52,453,6.5,3532780,No
786,Mahindra,XUV400,PHEV,Karnataka,Bengaluru,2022,2024-11-09,52,364,7.5,3414095,Yes
787,Kia,EV6,PHEV,Gujarat,Ahmedabad,2022,2024-02-26,63,396,3.5,3066216,No
788,BYD,Atto 3,BEV,Karnataka,Bengaluru,2026,2023-02-05,21,492,2.5,2849268,No
789,Tata,Nexon EV,BEV,Tamil Nadu,Chennai,2022,2024-08-21,60,276,5.5,1632563,Yes
790,BYD,Atto 3,PHEV,Maharashtra,Mumbai,2022,2024-04-15,58,542,1.5,2803800,Yes
791,Kia,EV6,PHEV,Delhi,New Delhi,2024,2025-06-20,54,505,5.5,1029110,Yes
792,BYD,Atto 3,PHEV,Maharashtra,Mumbai,2025,2023-07-14,69,522,5.5,1652700,No
793,Kia,EV6,BEV,Maharashtra,Pune,2024,2025-09-21,66,485,1.5,1799350,Yes
794,MG,ZS EV,PHEV,Tamil Nadu,Chennai,2026,2023-03-06,36,469,3.5,3545540,No
795,Kia,EV6,BEV,Delhi,New Delhi,2024,2023-04-09,36,355,5.5,2232981,No
796,Tata,Nexon EV,BEV,Maharashtra,Pune,2025,2024-10-09,57,377,2.5,3681292,Yes
797,MG,ZS EV,BEV,Delhi,New Delhi,2022,2024-11-04,75,391,8.5,2732812,No
798,Hyundai,Kona Electric,PHEV,Maharashtra,Pune,2023,2023-02-08,42,201,6.5,826305,Yes
799,Mahindra,XUV400,BEV,Maharashtra,Pune,2025,2023-02-19,31,213,8.5,1053200,Yes
800,Kia,EV6,PHEV,Tamil Nadu,Chennai,2023,2024-11-22,37,472,3.5,4336464,No
801,Hyundai,Kona Electric,BEV,Maharashtra,Mumbai,2023,2022-03-15,47,395,1.5,1345902,Yes
802,Kia,EV6,BEV,Karnataka,Bengaluru,2023,2024-08-17,46,377,8.5,3007302,Yes
803,Kia,EV6,PHEV,Delhi,New Delhi,2026,2023-08-22,57,323,2.5,2165518,No
804,Mahindra,XUV400,BEV,Maharashtra,Mumbai,2025,2025-03-25,51,233,7.5,4474512,No
805,Hyundai,Kona Electric,BEV,Maharashtra,Pune,2026,2025-01-18,25,334,3.5,1557578,Yes
806,MG,Comet EV,BEV,Karnataka,Bengaluru,2026,2023-11-03,57,367,1.5,3693540,No
807,MG,ZS EV,PHEV,Delhi,New Delhi,2026,2026-01-13,65,293,4.5,1131808,Yes
808,BYD,Atto 3,BEV,Gujarat,Ahmedabad,2023,2024-02-16,66,199,5.5,1025029,Yes
809,MG,Comet EV,BEV,Gujarat,Ahmedabad,2023,2022-05-26,74,211,1.5,1554822,Yes
810,BYD,Atto 3,BEV,Tamil Nadu,Chennai,2026,2024-03-06,49,439,8.5,3682338,No
811,Tata,Punch EV,BEV,Gujarat,Ahmedabad,2023,2024-03-06,24,312,6.5,2853731,Yes
812,BYD,Atto 3,BEV,Maharashtra,Pune,2026,2023-03-03,76,247,4.5,3168709,No
813,MG,Comet EV,PHEV,Maharashtra,Pune,2022,2022-03-05,73,205,8.5,3290528,No
814,MG,Comet EV,PHEV,Gujarat,Ahmedabad,2024,2025-03-13,20,224,3.5,2212074,Yes
815,Tata,Nexon EV,PHEV,Maharashtra,Mumbai,2026,2025-06-01,34,280,2.5,2050417,No
816,Hyundai,Kona Electric,BEV,Tamil Nadu,Chennai,2022,2025-03-12,55,444,3.5,1352493,Yes
817,Hyundai,Kona Electric,PHEV,Tamil Nadu,Chennai,2022,2022-11-07,60,427,7.5,1462589,No
818,BYD,Atto 3,PHEV,Karnataka,Bengaluru,2022,2022-06-30,65,237,7.5,1087512,Yes
819,Hyundai,Kona Electric,PHEV,Maharashtra,Pune,2024,2024-03-15,57,323,3.5,1165686,No
820,Mahindra,XUV400,BEV,Gujarat,Ahmedabad,2022,2025-11-21,44,395,4.5,1760928,Yes
821,Kia,EV6,BEV,Tamil Nadu,Chennai,2026,2022-04-05,20,508,2.5,2315295,Yes
822,Kia,EV6,BEV,Maharashtra,Pune,2022,2023-09-02,80,514,6.5,1588507,Yes
823,Hyundai,Kona Electric,PHEV,Delhi,New Delhi,2022,2025-12-09,69,449,3.5,2064700,Yes
824,Kia,EV6,BEV,Maharashtra,Pune,2024,2024-09-09,49,355,4.5,1934640,No
825,Mahindra,XUV400,BEV,Delhi,New Delhi,2024,2024-07-29,66,199,2.5,4373334,Yes
826,Tata,Punch EV,PHEV,Tamil Nadu,Chennai,2023,2025-03-24,74,310,6.5,1159961,No
827,Tata,Nexon EV,PHEV,Maharashtra,Pune,2022,2024-09-09,39,216,4.5,3807251,No
828,BYD,Atto 3,BEV,Tamil Nadu,Chennai,2025,2025-10-07,37,279,4.5,895962,Yes
829,MG,Comet EV,PHEV,Maharashtra,Pune,2023,2022-02-26,32,535,2.5,3765061,No
830,MG,Comet EV,BEV,Maharashtra,Mumbai,2024,2024-02-26,64,197,6.5,3496110,No
831,Mahindra,XUV400,PHEV,Gujarat,Ahmedabad,2022,2022-07-14,76,184,3.5,1458197,No
832,MG,ZS EV,BEV,Delhi,New Delhi,2023,2025-02-28,30,304,7.5,1330689,No
833,MG,Comet EV,PHEV,Tamil Nadu,Chennai,2025,2024-06-22,69,351,4.5,1418597,No
834,BYD,Atto 3,BEV,Maharashtra,Mumbai,2025,2024-03-28,64,212,4.5,4388357,No
835,Hyundai,Kona Electric,BEV,Gujarat,Ahmedabad,2025,2023-12-25,30,396,2.5,2277805,Yes
836,Hyundai,Kona Electric,BEV,Maharashtra,Mumbai,2026,2023-07-04,29,338,6.5,2182191,No
837,Hyundai,Kona Electric,BEV,Tamil Nadu,Chennai,2026,2023-07-20,57,401,3.5,960520,No
838,Mahindra,XUV400,BEV,Gujarat,Ahmedabad,2023,2023-06-02,63,425,2.5,855567,Yes
839,BYD,Atto 3,BEV,Tamil Nadu,Chennai,2026,2022-10-01,77,469,7.5,3297159,Yes
840,MG,ZS EV,BEV,Tamil Nadu,Chennai,2023,2025-03-09,74,439,2.5,3141631,No
841,MG,ZS EV,PHEV,Maharashtra,Mumbai,2026,2024-11-06,67,240,4.5,1664293,Yes
842,MG,ZS EV,BEV,Karnataka,Bengaluru,2026,2022-08-26,36,329,8.5,1946560,No
843,MG,Comet EV,PHEV,Maharashtra,Mumbai,2024,2025-12-14,56,470,8.5,2522329,Yes
844,Tata,Nexon EV,BEV,Tamil Nadu,Chennai,2026,2024-07-15,61,518,7.5,3960010,Yes
845,BYD,Atto 3,BEV,Delhi,New Delhi,2025,2024-02-04,31,278,1.5,1118427,No
846,Tata,Nexon EV,PHEV,Karnataka,Bengaluru,2026,2023-09-15,48,325,1.5,3352837,Yes
847,Hyundai,Kona Electric,PHEV,Maharashtra,Pune,2022,2025-08-03,66,450,1.5,3229128,No
848,Mahindra,XUV400,PHEV,Karnataka,Bengaluru,2026,2024-06-06,59,202,5.5,2537871,No
849,Kia,EV6,PHEV,Gujarat,Ahmedabad,2022,2025-01-30,22,283,3.5,3050385,Yes
850,Tata,Punch EV,BEV,Karnataka,Bengaluru,2025,2024-02-19,68,486,4.5,4163275,No
851,Tata,Punch EV,PHEV,Maharashtra,Mumbai,2024,2024-11-12,50,461,7.5,4137035,Yes
852,Mahindra,XUV400,PHEV,Delhi,New Delhi,2026,2025-09-28,61,360,5.5,1238188,No
853,Hyundai,Kona Electric,PHEV,Karnataka,Bengaluru,2025,2024-03-18,35,289,2.5,4462064,No
854,Mahindra,XUV400,PHEV,Tamil Nadu,Chennai,2025,2022-06-06,61,298,5.5,2080781,Yes
855,Kia,EV6,BEV,Karnataka,Bengaluru,2026,2023-04-08,79,266,4.5,3634309,No
856,Tata,Nexon EV,BEV,Gujarat,Ahmedabad,2025,2022-02-08,33,388,1.5,859194,Yes
857,MG,ZS EV,BEV,Gujarat,Ahmedabad,2026,2024-12-08,34,191,6.5,3129774,Yes
858,Kia,EV6,PHEV,Maharashtra,Pune,2026,2024-10-08,56,461,4.5,3512633,Yes
859,Kia,EV6,BEV,Maharashtra,Mumbai,2023,2023-07-21,38,506,8.5,1762830,No
860,Tata,Punch EV,PHEV,Maharashtra,Mumbai,2023,2025-11-01,37,523,3.5,1285212,Yes
861,MG,Comet EV,BEV,Delhi,New Delhi,2022,2024-10-16,56,446,7.5,1442669,Yes
862,BYD,Atto 3,PHEV,Delhi,New Delhi,2024,2022-08-28,60,483,8.5,991279,Yes
863,Kia,EV6,PHEV,Maharashtra,Pune,2022,2022-04-28,25,466,2.5,1981429,No
864,Tata,Nexon EV,PHEV,Maharashtra,Pune,2022,2022-02-15,28,333,2.5,1191259,No
865,Tata,Nexon EV,BEV,Karnataka,Bengaluru,2024,2024-05-09,52,366,5.5,3099454,Yes
866,Kia,EV6,PHEV,Tamil Nadu,Chennai,2023,2023-10-17,40,484,2.5,3942394,Yes
867,Mahindra,XUV400,BEV,Maharashtra,Mumbai,2023,2024-08-26,77,355,4.5,3177610,No
868,BYD,Atto 3,PHEV,Tamil Nadu,Chennai,2022,2024-09-05,77,197,7.5,4395697,No
869,Kia,EV6,BEV,Maharashtra,Pune,2024,2023-02-24,70,503,1.5,3772969,Yes
870,MG,Comet EV,PHEV,Maharashtra,Pune,2025,2024-09-21,58,183,1.5,1933821,Yes
871,MG,ZS EV,PHEV,Karnataka,Bengaluru,2023,2022-08-15,63,218,6.5,1422143,Yes
872,Mahindra,XUV400,PHEV,Tamil Nadu,Chennai,2022,2024-05-09,61,250,1.5,4239477,Yes
873,Tata,Nexon EV,BEV,Karnataka,Bengaluru,2023,2023-04-26,30,320,1.5,4070814,Yes
874,MG,ZS EV,BEV,Delhi,New Delhi,2025,2023-08-19,26,549,7.5,2646267,Yes
875,Kia,EV6,PHEV,Karnataka,Bengaluru,2022,2022-01-30,67,198,6.5,1905949,Yes
876,Hyundai,Kona Electric,BEV,Karnataka,Bengaluru,2024,2022-01-14,57,180,2.5,2178566,No
877,Mahindra,XUV400,BEV,Maharashtra,Mumbai,2022,2025-11-08,30,543,2.5,3918599,No
878,MG,Comet EV,BEV,Gujarat,Ahmedabad,2023,2023-12-13,48,396,7.5,2040098,No
879,Kia,EV6,PHEV,Maharashtra,Mumbai,2024,2022-03-09,65,510,2.5,2286615,Yes
880,Kia,EV6,PHEV,Gujarat,Ahmedabad,2023,2023-03-07,54,300,4.5,2794742,Yes
881,Kia,EV6,BEV,Gujarat,Ahmedabad,2025,2023-04-08,72,352,7.5,4144030,Yes
882,BYD,Atto 3,BEV,Maharashtra,Pune,2022,2022-09-21,42,358,6.5,1830524,No
883,Tata,Nexon EV,PHEV,Karnataka,Bengaluru,2022,2025-03-06,43,327,6.5,2783921,No
884,Mahindra,XUV400,PHEV,Maharashtra,Mumbai,2024,2022-06-05,64,391,2.5,1584753,No
885,Mahindra,XUV400,PHEV,Maharashtra,Mumbai,2025,2023-02-15,51,337,7.5,1462233,Yes
886,Tata,Nexon EV,PHEV,Maharashtra,Pune,2023,2026-01-29,77,213,6.5,2777015,No
887,Kia,EV6,PHEV,Delhi,New Delhi,2022,2025-03-24,46,440,2.5,995085,No
888,Hyundai,Kona Electric,PHEV,Delhi,New Delhi,2022,2025-02-01,36,526,2.5,2228023,Yes
889,BYD,Atto 3,BEV,Maharashtra,Pune,2024,2023-10-13,78,255,1.5,1650991,No
890,MG,ZS EV,PHEV,Karnataka,Bengaluru,2022,2024-12-22,36,375,7.5,4108638,No
891,Hyundai,Kona Electric,BEV,Delhi,New Delhi,2022,2023-06-21,41,350,6.5,1754640,No
892,MG,Comet EV,PHEV,Maharashtra,Mumbai,2026,2023-08-07,63,445,1.5,2612257,No
893,Mahindra,XUV400,PHEV,Maharashtra,Mumbai,2025,2023-11-20,50,329,1.5,2813746,Yes
894,BYD,Atto 3,BEV,Tamil Nadu,Chennai,2025,2022-05-04,71,264,2.5,2367261,Yes
895,BYD,Atto 3,PHEV,Karnataka,Bengaluru,2024,2025-03-28,59,228,4.5,1250349,Yes
896,Hyundai,Kona Electric,BEV,Gujarat,Ahmedabad,2025,2025-11-11,31,408,1.5,1567460,No
897,MG,ZS EV,PHEV,Tamil Nadu,Chennai,2025,2022-09-07,25,451,4.5,2175033,No
898,Kia,EV6,PHEV,Maharashtra,Pune,2022,2023-03-25,48,376,3.5,4308480,Yes
899,Mahindra,XUV400,PHEV,Gujarat,Ahmedabad,2025,2023-08-28,67,230,6.5,2027055,Yes
900,Hyundai,Kona Electric,BEV,Gujarat,Ahmedabad,2022,2024-11-27,26,183,8.5,3193658,No
901,Hyundai,Kona Electric,PHEV,Tamil Nadu,Chennai,2025,2025-10-30,65,274,4.5,2027862,Yes
902,Mahindra,XUV400,BEV,Maharashtra,Pune,2026,2023-02-19,71,395,1.5,2254457,Yes
903,Tata,Nexon EV,BEV,Maharashtra,Mumbai,2022,2022-02-02,53,428,8.5,3018757,Yes
904,Kia,EV6,PHEV,Maharashtra,Pune,2024,2025-04-07,76,219,1.5,1733904,No
905,Kia,EV6,BEV,Maharashtra,Pune,2026,2024-09-13,71,229,6.5,2364594,No
906,Kia,EV6,PHEV,Gujarat,Ahmedabad,2026,2023-05-24,23,524,6.5,2966179,Yes
907,BYD,Atto 3,PHEV,Delhi,New Delhi,2025,2024-07-03,56,278,5.5,3932156,No
908,Mahindra,XUV400,BEV,Tamil Nadu,Chennai,2022,2022-08-21,72,315,3.5,3077943,No
909,Tata,Nexon EV,BEV,Maharashtra,Pune,2022,2023-09-20,20,297,8.5,3246642,No
910,Tata,Nexon EV,BEV,Maharashtra,Mumbai,2023,2023-04-05,73,367,8.5,2039243,Yes
911,Hyundai,Kona Electric,PHEV,Tamil Nadu,Chennai,2022,2022-07-12,33,227,2.5,3272162,No
912,Hyundai,Kona Electric,BEV,Maharashtra,Pune,2023,2025-01-15,63,191,5.5,1811194,No
913,Hyundai,Kona Electric,BEV,Gujarat,Ahmedabad,2024,2024-11-07,33,410,7.5,1877653,No
914,Mahindra,XUV400,PHEV,Maharashtra,Pune,2026,2023-07-23,26,302,8.5,2210798,Yes
915,BYD,Atto 3,PHEV,Gujarat,Ahmedabad,2024,2022-11-26,60,321,3.5,907193,Yes
916,Hyundai,Kona Electric,PHEV,Tamil Nadu,Chennai,2025,2024-07-16,61,542,1.5,3368828,Yes
917,BYD,Atto 3,PHEV,Maharashtra,Mumbai,2024,2023-09-10,62,445,8.5,1426004,No
918,Tata,Punch EV,PHEV,Tamil Nadu,Chennai,2025,2022-01-06,72,246,4.5,2011926,No
919,Kia,EV6,BEV,Delhi,New Delhi,2025,2024-05-03,21,492,7.5,1334922,Yes
920,BYD,Atto 3,PHEV,Karnataka,Bengaluru,2023,2022-09-01,26,416,3.5,1691725,Yes
921,Mahindra,XUV400,BEV,Maharashtra,Mumbai,2023,2022-06-13,39,391,4.5,1519017,Yes
922,Mahindra,XUV400,PHEV,Maharashtra,Pune,2025,2025-02-21,48,454,4.5,4144421,No
923,Tata,Nexon EV,PHEV,Tamil Nadu,Chennai,2023,2023-09-30,54,453,1.5,1508691,No
924,Mahindra,XUV400,BEV,Gujarat,Ahmedabad,2024,2025-02-08,43,400,8.5,3720132,Yes
925,Kia,EV6,PHEV,Karnataka,Bengaluru,2024,2025-06-17,44,286,8.5,802529,Yes
926,Hyundai,Kona Electric,BEV,Maharashtra,Mumbai,2025,2024-05-31,80,456,7.5,872520,No
927,Mahindra,XUV400,PHEV,Maharashtra,Mumbai,2023,2022-06-27,72,427,8.5,786888,Yes
928,Mahindra,XUV400,PHEV,Karnataka,Bengaluru,2026,2023-10-06,36,261,6.5,3182387,No
929,Tata,Nexon EV,PHEV,Delhi,New Delhi,2022,2024-10-14,35,468,3.5,3111299,No
930,Mahindra,XUV400,BEV,Delhi,New Delhi,2024,2025-08-14,42,224,5.5,3253501,No
931,BYD,Atto 3,BEV,Karnataka,Bengaluru,2025,2024-08-07,39,498,2.5,4448605,Yes
932,Kia,EV6,PHEV,Maharashtra,Pune,2023,2023-12-24,38,383,8.5,1991974,No
933,MG,ZS EV,PHEV,Karnataka,Bengaluru,2025,2025-10-11,51,342,5.5,1632345,No
934,Hyundai,Kona Electric,PHEV,Maharashtra,Mumbai,2022,2023-12-31,22,530,1.5,2766833,Yes
935,Kia,EV6,PHEV,Maharashtra,Mumbai,2022,2024-11-20,59,361,4.5,1466146,No
936,Hyundai,Kona Electric,PHEV,Maharashtra,Pune,2026,2024-03-13,68,233,7.5,3813196,No
937,Kia,EV6,PHEV,Delhi,New Delhi,2026,2022-12-18,49,434,2.5,3350372,No
938,Hyundai,Kona Electric,PHEV,Karnataka,Bengaluru,2023,2025-09-11,57,484,8.5,3164814,No
939,Kia,EV6,PHEV,Tamil Nadu,Chennai,2022,2024-12-26,26,366,6.5,4331664,Yes
940,Kia,EV6,PHEV,Maharashtra,Pune,2023,2024-05-16,28,354,1.5,2834230,Yes
941,Hyundai,Kona Electric,PHEV,Maharashtra,Mumbai,2023,2022-02-12,31,431,8.5,1431891,Yes
942,Hyundai,Kona Electric,PHEV,Tamil Nadu,Chennai,2026,2024-07-15,70,425,1.5,3955997,Yes
943,Kia,EV6,BEV,Delhi,New Delhi,2024,2023-09-09,52,358,3.5,1981713,No
944,Tata,Punch EV,BEV,Tamil Nadu,Chennai,2025,2022-08-09,74,447,3.5,2904346,No
945,BYD,Atto 3,BEV,Maharashtra,Mumbai,2024,2023-06-17,35,274,1.5,4203156,Yes
946,Mahindra,XUV400,PHEV,Maharashtra,Pune,2026,2025-10-07,31,317,1.5,4014917,No
947,BYD,Atto 3,BEV,Delhi,New Delhi,2024,2025-12-06,51,286,3.5,3372617,Yes
948,BYD,Atto 3,PHEV,Karnataka,Bengaluru,2026,2024-09-27,21,510,7.5,2199216,No
949,MG,ZS EV,PHEV,Gujarat,Ahmedabad,2022,2023-06-02,56,540,1.5,3837650,No
950,Hyundai,Kona Electric,BEV,Maharashtra,Mumbai,2025,2022-05-08,63,543,2.5,1326356,No
951,BYD,Atto 3,PHEV,Karnataka,Bengaluru,2022,2023-07-25,33,240,2.5,3061806,Yes
952,Mahindra,XUV400,BEV,Gujarat,Ahmedabad,2022,2024-08-19,33,415,4.5,1397677,Yes
953,Tata,Nexon EV,BEV,Maharashtra,Pune,2023,2022-10-18,40,535,8.5,2209375,No
954,MG,ZS EV,PHEV,Delhi,New Delhi,2024,2023-11-13,50,207,6.5,3451127,No
955,BYD,Atto 3,PHEV,Gujarat,Ahmedabad,2025,2022-07-18,43,273,6.5,1087740,No
956,Hyundai,Kona Electric,PHEV,Gujarat,Ahmedabad,2025,2023-11-29,21,203,6.5,3240494,No
957,Tata,Nexon EV,PHEV,Gujarat,Ahmedabad,2024,2024-06-15,69,460,5.5,1233733,No
958,MG,ZS EV,BEV,Maharashtra,Mumbai,2023,2025-04-27,47,526,4.5,2018726,Yes
959,BYD,Atto 3,PHEV,Maharashtra,Mumbai,2024,2024-03-10,38,386,2.5,3328830,Yes
960,Tata,Nexon EV,PHEV,Karnataka,Bengaluru,2025,2023-04-09,43,304,5.5,2828840,No
961,Tata,Nexon EV,BEV,Tamil Nadu,Chennai,2024,2025-06-05,41,274,1.5,3994354,No
962,Tata,Nexon EV,PHEV,Gujarat,Ahmedabad,2022,2025-01-13,64,519,8.5,3864538,No
963,BYD,Atto 3,PHEV,Gujarat,Ahmedabad,2023,2024-10-27,56,286,4.5,3099568,No
964,MG,ZS EV,PHEV,Maharashtra,Mumbai,2025,2024-10-04,35,308,3.5,4163051,No
965,Hyundai,Kona Electric,PHEV,Karnataka,Bengaluru,2025,2022-05-06,38,298,4.5,947054,Yes
966,Mahindra,XUV400,BEV,Karnataka,Bengaluru,2025,2025-06-18,69,473,7.5,2598848,Yes
967,Mahindra,XUV400,BEV,Tamil Nadu,Chennai,2025,2025-06-22,27,226,4.5,3166629,Yes
968,Mahindra,XUV400,PHEV,Maharashtra,Mumbai,2024,2024-04-12,45,384,7.5,865403,No
969,Tata,Nexon EV,BEV,Karnataka,Bengaluru,2025,2024-03-15,79,517,6.5,2168876,No
970,Kia,EV6,PHEV,Tamil Nadu,Chennai,2026,2022-11-20,79,204,1.5,939860,Yes
971,Tata,Punch EV,PHEV,Tamil Nadu,Chennai,2022,2022-01-01,56,451,7.5,3709904,Yes
972,BYD,Atto 3,BEV,Maharashtra,Pune,2022,2025-06-28,60,525,4.5,2738027,No
973,Kia,EV6,PHEV,Maharashtra,Mumbai,2025,2024-11-10,65,271,3.5,1564756,No
974,Kia,EV6,BEV,Gujarat,Ahmedabad,2023,2024-02-17,32,329,4.5,4037696,No
975,Tata,Nexon EV,PHEV,Maharashtra,Pune,2023,2024-02-19,77,521,8.5,3979867,No
976,Mahindra,XUV400,PHEV,Maharashtra,Mumbai,2024,2023-12-04,24,197,3.5,3709236,No
977,Kia,EV6,PHEV,Gujarat,Ahmedabad,2022,2022-05-17,72,207,1.5,1025113,No
978,MG,Comet EV,PHEV,Karnataka,Bengaluru,2023,2022-01-01,25,529,1.5,940950,No
979,Kia,EV6,PHEV,Tamil Nadu,Chennai,2022,2023-07-25,54,397,7.5,4001539,No
980,MG,Comet EV,BEV,Tamil Nadu,Chennai,2025,2026-01-01,58,465,4.5,4313948,No
981,MG,ZS EV,PHEV,Delhi,New Delhi,2025,2023-05-04,21,541,5.5,4447728,Yes
982,Kia,EV6,PHEV,Maharashtra,Mumbai,2024,2025-04-04,30,472,3.5,4233852,Yes
983,Mahindra,XUV400,BEV,Tamil Nadu,Chennai,2023,2024-10-07,76,517,4.5,4419079,Yes
984,Kia,EV6,PHEV,Maharashtra,Pune,2024,2022-12-29,58,238,6.5,2758712,No
985,Kia,EV6,BEV,Karnataka,Bengaluru,2026,2023-11-23,34,519,4.5,3479645,Yes
986,Hyundai,Kona Electric,BEV,Maharashtra,Mumbai,2022,2024-02-05,56,327,1.5,1360818,No
987,BYD,Atto 3,PHEV,Tamil Nadu,Chennai,2025,2023-07-14,65,238,3.5,3845191,No
988,BYD,Atto 3,BEV,Tamil Nadu,Chennai,2023,2025-02-20,34,226,2.5,3583704,No
989,Tata,Nexon EV,PHEV,Delhi,New Delhi,2023,2022-01-04,78,244,3.5,1569826,No
990,MG,Comet EV,PHEV,Tamil Nadu,Chennai,2024,2025-03-18,57,258,8.5,4451279,No
991,Hyundai,Kona Electric,BEV,Tamil Nadu,Chennai,2026,2024-06-21,34,250,6.5,2529769,No
992,MG,Comet EV,PHEV,Maharashtra,Mumbai,2024,2022-03-01,65,508,6.5,4389556,No
993,Tata,Nexon EV,BEV,Tamil Nadu,Chennai,2022,2025-04-05,36,388,3.5,1141656,No
994,Kia,EV6,BEV,Maharashtra,Pune,2026,2022-04-27,34,266,2.5,1794835,No
995,Kia,EV6,BEV,Maharashtra,Mumbai,2022,2022-06-15,53,401,8.5,1594759,Yes
996,Hyundai,Kona Electric,BEV,Maharashtra,Mumbai,2026,2022-05-19,54,246,7.5,4193236,No
997,Hyundai,Kona Electric,PHEV,Maharashtra,Pune,2023,2026-01-12,64,275,3.5,2796414,Yes
998,MG,ZS EV,PHEV,Tamil Nadu,Chennai,2026,2023-08-10,32,500,7.5,2834884,Yes
999,Kia,EV6,BEV,Maharashtra,Pune,2023,2022-05-15,80,185,3.5,2891033,No
1000,Mahindra,XUV400,PHEV,Maharashtra,Mumbai,2024,2023-11-24,47,485,7.5,3847272,Yes
